{
  "experiment": "F6_adam_resample_1000",
  "optimizer": "SSBroyden2",
  "adam_epochs": 1000,
  "bfgs_iters": 50000,
  "adam_time_s": 522.83,
  "bfgs_time_s": 33392.96,
  "total_time_s": 33915.78,
  "final_adam_loss": 0.030512683315398453,
  "final_bfgs_loss": 10651371450.64669,
  "n_params": 1361,
  "l2_rel_error_overall": 2.229877066693457,
  "l2_rel_error_per_t": [
    1.5203899977287305,
    1.6685458498227976,
    1.7990645689423568,
    1.8783916956224982,
    1.9645172671820028,
    2.041584695376702,
    2.1459235270619494,
    2.2530754559025423,
    2.3550105279346596,
    2.4643841829407047,
    2.5432421896684776,
    2.6154329343667433,
    2.69050739863186,
    2.7649016292341844,
    2.8309625472457705,
    2.882873727671739,
    2.9262082776501885,
    2.9661926669975136,
    3.0158862837914997,
    3.066045931861319,
    3.1145041576459143
  ],
  "l2_eval_times": [
    0.0,
    0.5,
    1.0,
    1.5,
    2.0,
    2.5,
    3.0,
    3.5,
    4.0,
    4.5,
    5.0,
    5.5,
    6.0,
    6.5,
    7.0,
    7.5,
    8.0,
    8.5,
    9.0,
    9.5,
    10.0
  ],
  "l2_threshold": 0.5,
  "iters_to_l2_rel_threshold": null,
  "threshold_cross_phase": null,
  "l2_rel_curve": [
    1.0084464021815425,
    0.997607427381968,
    0.9571260792093608,
    1.2089528620470267,
    1.195004904973287,
    1.1326907487330966,
    1.1983975251746026,
    1.0936202936495645,
    1.1008090290514494,
    1.0808295542592448,
    1.1468765187348304,
    1.071009247305902,
    1.06118748256349,
    1.0274368664920308,
    1.190903310916839,
    1.112850879208948,
    1.102283186568594,
    1.1800651383975898,
    1.1822459401299674,
    1.221362620066463,
    1.0466242177486587,
    1.0556496561264135,
    1.1186425405675229,
    1.0873205511362534,
    1.0416619638599847,
    1.044200523625235,
    1.003312509893974,
    1.038770426576674,
    1.113123731660093,
    1.0907338932877249,
    1.1664107860748893,
    1.1231814192631704,
    0.998825673650236,
    1.0311314701284509,
    1.026332914487095,
    0.9839582414751891,
    1.0836167143267437,
    0.9843730713126161,
    1.08530879185892,
    0.9883929586381068,
    0.9870755033676932,
    0.9855256055390396,
    0.9674355197882417,
    1.3480645204405959,
    1.4229410630547694,
    1.431539620689776,
    1.474540149608667,
    1.4043079982410849,
    0.9933801053131996,
    1.0140976657376886,
    0.9882493599260316,
    0.9908964845347126,
    0.9921174261215184,
    0.991915042882963,
    0.9886261705676616,
    2.6431123949553355,
    1.0398101781023075,
    0.9947539186832098,
    1.006541128608628,
    1.018953391531898,
    0.9876853187455591,
    0.987742345025886,
    0.9859977329978108,
    0.9867019693001199,
    0.9901337879004604,
    0.991272635397414,
    0.9901180906639541,
    0.9990282803759762,
    0.9963521071589461,
    0.9882828167488922,
    0.9883109966160399,
    0.9886578512881732,
    0.9883640010209368,
    0.9883423886870006,
    0.9888750092921746,
    0.9886334260313202,
    0.9959624915984049,
    0.9946856044735656,
    0.9920731169477353,
    0.991501573217266,
    0.9911727557054206,
    0.9885942376348213,
    0.9885473497750886,
    0.9921563419735575,
    1.2078125607294516,
    1.3862674934376864,
    1.027892670698411,
    1.2428138472303139,
    1.073483203130743,
    0.9959159114365848,
    0.9950495540485301,
    0.984464800966193,
    0.9895611683205012,
    0.9874234092898556,
    1.001183711310251,
    1.0915565248258408,
    7.272133263860408,
    4.329744395539465,
    4.377949708763982,
    1.0537858171325414,
    1.1532327060835954,
    2.229877066693457
  ],
  "l2_error_overall": 2.22987707,
  "l2_error_per_t": {
    "t_0.0": 1.52039,
    "t_0.5": 1.66854585,
    "t_1.0": 1.79906457,
    "t_1.5": 1.8783917,
    "t_2.0": 1.96451727,
    "t_2.5": 2.0415847,
    "t_3.0": 2.14592353,
    "t_3.5": 2.25307546,
    "t_4.0": 2.35501053,
    "t_4.5": 2.46438418,
    "t_5.0": 2.54324219,
    "t_5.5": 2.61543293,
    "t_6.0": 2.6905074,
    "t_6.5": 2.76490163,
    "t_7.0": 2.83096255,
    "t_7.5": 2.88287373,
    "t_8.0": 2.92620828,
    "t_8.5": 2.96619267,
    "t_9.0": 3.01588628,
    "t_9.5": 3.06604593,
    "t_10.0": 3.11450416
  },
  "mass_mean_t0": 0.053573,
  "mass_mean_tmax": -0.055441,
  "mass_drift": 0.10901406
}