{
  "experiment": "V3_F_combined_sampling",
  "optimizer": "SSBroyden2",
  "adam_epochs": 1000,
  "bfgs_iters": 50000,
  "adam_time_s": 875.97,
  "bfgs_time_s": 44470.26,
  "total_time_s": 45346.24,
  "final_adam_loss": 0.0314613460386181,
  "final_bfgs_loss": 4.453085019971069e-05,
  "n_params": 1361,
  "l2_rel_error_overall": 0.4591051055840348,
  "l2_rel_error_per_t": [
    0.04775764818303576,
    0.2952432119988642,
    0.4056140812190858,
    0.4460954134981494,
    0.45526050915574195,
    0.45295237937304034,
    0.4503690919782465,
    0.4536702693602116,
    0.4654585503012532,
    0.4857826388975474,
    0.5131908331988098,
    0.5456820033686424,
    0.5813245401178213,
    0.618530931754709,
    0.6561115322610189,
    0.6932289792659283,
    0.7293248750391298,
    0.764049787634996,
    0.7972060808995244,
    0.828704166324842,
    0.8585299655290578
  ],
  "l2_eval_times": [
    0.0,
    1.0,
    2.0,
    3.0,
    4.0,
    5.0,
    6.0,
    7.0,
    8.0,
    9.0,
    10.0,
    11.0,
    12.0,
    13.0,
    14.0,
    15.0,
    16.0,
    17.0,
    18.0,
    19.0,
    20.0
  ],
  "l2_threshold": 0.5,
  "iters_to_l2_rel_threshold": 18500,
  "threshold_cross_phase": "SSBroyden2",
  "l2_rel_curve": [
    1.4896029053897089,
    1.0068688763214073,
    1.0315853350210895,
    1.0180566727264195,
    1.0823437221820362,
    0.9344385332505218,
    0.9536180361005246,
    0.9105243040757628,
    0.6624830610126932,
    0.7397302847565841,
    0.6203425286843894,
    0.6639620866639159,
    0.588435824725737,
    0.6495891945253618,
    0.5752556937026394,
    0.5549564428720034,
    0.602804740560523,
    0.6202290171596494,
    0.6064054406308976,
    0.5283169804307847,
    0.5478152664214153,
    0.5442278570314605,
    0.51615367134963,
    0.5546070546200336,
    0.5612341342711544,
    0.5172169763996567,
    0.5242692285022195,
    0.5296617552056423,
    0.5193286534535708,
    0.5360726311058837,
    0.5441829163486004,
    0.5085228653340941,
    0.5212713024766796,
    0.5132429334439038,
    0.5527585884102146,
    0.527014725343767,
    0.4999203964385151,
    0.5200558504431665,
    0.4989116933727573,
    0.5371552804488385,
    0.5007222602761008,
    0.5238499761057747,
    0.4989975882068084,
    0.5092925112087012,
    0.49656932226444384,
    0.5307461135832179,
    0.5059592455021817,
    0.5214301511243233,
    0.5071889062527408,
    0.49346865172081195,
    0.5344905478338283,
    0.5011441392478352,
    0.5068443247540643,
    0.5159506842895609,
    0.4897730054929864,
    0.5302482797977088,
    0.5367617700521872,
    0.49798802429081074,
    0.4838694913805545,
    0.5040161404892134,
    0.50190422096665,
    0.4871410870401376,
    0.48272090615679486,
    0.5002640773607097,
    0.48495113424042335,
    0.5086994552982026,
    0.48208690988930836,
    0.4900525589297176,
    0.4739037289359739,
    0.5382545575606715,
    0.4901680753556157,
    0.47198004742766214,
    0.48971948765944845,
    0.48018560212615075,
    0.5098402685526127,
    0.47101099212525976,
    0.473857462859752,
    0.5077971621249457,
    0.485652122253356,
    0.4802678238831299,
    0.49012831038893007,
    0.48171757568775475,
    0.5069580313348827,
    0.46716537686487325,
    0.4794084059615866,
    0.4695554411148962,
    0.47869795134968335,
    0.47325810428384085,
    0.47929027760757836,
    0.45942538119354026,
    0.5033622276650735,
    0.46484638182242866,
    0.45252802398319414,
    0.4619671126074279,
    0.47237768597385754,
    0.46390182771910826,
    0.4829336256310927,
    0.45951045042589556,
    0.455505666024514,
    0.45547912495740517,
    0.45760461574416855,
    0.4591051055840348
  ],
  "l2_error_overall": 0.45910511,
  "l2_error_per_t": {
    "t_0.0": 0.04775765,
    "t_1.0": 0.29524321,
    "t_2.0": 0.40561408,
    "t_3.0": 0.44609541,
    "t_4.0": 0.45526051,
    "t_5.0": 0.45295238,
    "t_6.0": 0.45036909,
    "t_7.0": 0.45367027,
    "t_8.0": 0.46545855,
    "t_9.0": 0.48578264,
    "t_10.0": 0.51319083,
    "t_11.0": 0.545682,
    "t_12.0": 0.58132454,
    "t_13.0": 0.61853093,
    "t_14.0": 0.65611153,
    "t_15.0": 0.69322898,
    "t_16.0": 0.72932488,
    "t_17.0": 0.76404979,
    "t_18.0": 0.79720608,
    "t_19.0": 0.82870417,
    "t_20.0": 0.85852997
  },
  "mass_mean_t0": -0.004006,
  "mass_mean_tmax": 0.006112,
  "mass_drift": 0.01046278
}