{
  "experiment": "F6_adam_resample_1000",
  "optimizer": "SSBroyden2",
  "adam_epochs": 1000,
  "bfgs_iters": 50000,
  "adam_time_s": 442.12,
  "bfgs_time_s": 32035.59,
  "total_time_s": 32477.71,
  "final_adam_loss": 0.030993409910421592,
  "final_bfgs_loss": 0.07397899374539135,
  "n_params": 1361,
  "l2_rel_error_overall": 1.1961492847111295,
  "l2_rel_error_per_t": [
    0.7170734705360925,
    0.7385284173021884,
    0.8592010454604063,
    0.9765216480085062,
    1.0702756580529205,
    1.1475106145280025,
    1.2117173352965762,
    1.2653405690805901,
    1.3113146046033342,
    1.3528263893071992,
    1.3917705015332085,
    1.4305740020396849,
    1.4715445627694852,
    1.5126821520038807,
    1.5508250509199617,
    1.5854345751608303,
    1.6176277826505066,
    1.6484342231281324,
    1.6779060592957495,
    1.7060370809211856,
    1.733596569216482
  ],
  "l2_eval_times": [
    0.0,
    0.5,
    1.0,
    1.5,
    2.0,
    2.5,
    3.0,
    3.5,
    4.0,
    4.5,
    5.0,
    5.5,
    6.0,
    6.5,
    7.0,
    7.5,
    8.0,
    8.5,
    9.0,
    9.5,
    10.0
  ],
  "l2_threshold": 0.5,
  "iters_to_l2_rel_threshold": null,
  "threshold_cross_phase": null,
  "l2_rel_curve": [
    1.1501525285793364,
    1.1124363627907152,
    1.0028023396626655,
    0.9457189774462197,
    1.0543393517364779,
    0.9469019102590613,
    0.9192694791553527,
    1.0959418344410659,
    1.0377001347717634,
    0.9669835596462997,
    1.0216191004583826,
    1.1177065904262127,
    1.0576889354324452,
    0.9997168618437178,
    0.8534014943332424,
    0.9424355592898724,
    0.8351257422879746,
    0.8367907190396767,
    0.8794963260034413,
    0.8621226794489322,
    0.8227710688888711,
    0.9288974709834139,
    0.9749228721732666,
    0.884499812155696,
    0.9215222315675033,
    1.0623075363745318,
    0.9821718007464512,
    1.0312041541474644,
    1.048373502513813,
    1.0861272543573859,
    1.0853731345569335,
    1.0977726667892036,
    1.1633898593905818,
    1.0013315545492267,
    1.0088631517527435,
    0.9886526686466559,
    0.9913649694780063,
    0.9877914416093975,
    0.9869917468036199,
    0.9829444201883205,
    0.9741308611615742,
    1.0327826425915632,
    1.1859350194546758,
    1.2827419564078049,
    1.1474048707053237,
    1.1726021783723763,
    1.0855393358049004,
    1.1324021711523564,
    1.121231212964877,
    1.1227515037461735,
    1.1798114567451885,
    1.2843469199795368,
    1.2426367501372215,
    1.193046134537045,
    1.1740854310874205,
    1.0626066550918105,
    1.1187578891645076,
    1.1887760187780019,
    1.093071568570036,
    1.1155098192362052,
    1.1587076945728163,
    1.2031515065977527,
    1.1450917409494052,
    1.1623087029341312,
    1.061511367391817,
    1.2080224091860976,
    1.133033243572474,
    1.1129527512420114,
    1.1431701797982605,
    1.1764398922218946,
    1.1057572812981706,
    1.0425598126054743,
    1.0978059750406328,
    1.1914121166915097,
    1.1731465281917755,
    1.2377591849806056,
    1.1617321897436093,
    1.26210119095643,
    1.2201032636670328,
    1.210830469311419,
    1.2680651738425388,
    1.3380967428427095,
    1.2670762878491382,
    1.0054437018398608,
    1.1115864808273581,
    1.1971242095849188,
    1.153089089830576,
    1.21327458193655,
    1.2715620870297688,
    1.2270739039558074,
    1.2372155942493244,
    1.179392530438932,
    1.1724106162100936,
    1.2202883525655275,
    1.1316385101244373,
    1.2995387832067768,
    1.2741488583500284,
    1.294323845087183,
    1.3454048731141954,
    1.362962662972307,
    1.2218769267262781,
    1.1961492847111295
  ],
  "l2_error_overall": 1.19614928,
  "l2_error_per_t": {
    "t_0.0": 0.71707347,
    "t_0.5": 0.73852842,
    "t_1.0": 0.85920105,
    "t_1.5": 0.97652165,
    "t_2.0": 1.07027566,
    "t_2.5": 1.14751061,
    "t_3.0": 1.21171734,
    "t_3.5": 1.26534057,
    "t_4.0": 1.3113146,
    "t_4.5": 1.35282639,
    "t_5.0": 1.3917705,
    "t_5.5": 1.430574,
    "t_6.0": 1.47154456,
    "t_6.5": 1.51268215,
    "t_7.0": 1.55082505,
    "t_7.5": 1.58543458,
    "t_8.0": 1.61762778,
    "t_8.5": 1.64843422,
    "t_9.0": 1.67790606,
    "t_9.5": 1.70603708,
    "t_10.0": 1.73359657
  },
  "mass_mean_t0": -0.008291,
  "mass_mean_tmax": 0.036312,
  "mass_drift": 0.04466411
}