{
  "experiment": "H3_rad_k2_0p5",
  "optimizer": "SSBroyden2",
  "adam_epochs": 1000,
  "bfgs_iters": 50000,
  "adam_time_s": 435.07,
  "bfgs_time_s": 27815.55,
  "total_time_s": 28250.62,
  "final_adam_loss": 0.03226293296608274,
  "final_bfgs_loss": 0.00020096561133636944,
  "n_params": 1361,
  "l2_rel_error_overall": 0.7009515800919609,
  "l2_rel_error_per_t": [
    0.5888643052377812,
    0.5932931337227079,
    0.6252617094147586,
    0.6589310211497809,
    0.6880232149805712,
    0.7114857435994483,
    0.7297878250425713,
    0.7437857820998568,
    0.7543542568249324,
    0.7622728690652331,
    0.7682029844198082,
    0.7726947003808805,
    0.7762012449697342,
    0.7790927286965129,
    0.7816672976202653,
    0.7841600087594974,
    0.7867503003628125,
    0.7895687947070579,
    0.7927038415081649,
    0.7962079168838718,
    0.8001038214523533
  ],
  "l2_eval_times": [
    0.0,
    0.5,
    1.0,
    1.5,
    2.0,
    2.5,
    3.0,
    3.5,
    4.0,
    4.5,
    5.0,
    5.5,
    6.0,
    6.5,
    7.0,
    7.5,
    8.0,
    8.5,
    9.0,
    9.5,
    10.0
  ],
  "l2_threshold": 0.5,
  "iters_to_l2_rel_threshold": null,
  "threshold_cross_phase": null,
  "l2_rel_curve": [
    1.1514935995830768,
    0.9958188321005769,
    0.9699020939254225,
    1.005613968277621,
    1.1049082964049566,
    1.0839764239953011,
    1.157639443539809,
    0.950921069783532,
    1.0120098302444442,
    0.9825953931381337,
    1.0524882810991998,
    0.9452768273315694,
    0.9771321080160613,
    0.9102591157100652,
    0.9944203818718864,
    0.9893490450265782,
    1.0083534784600479,
    0.8835216751869878,
    0.8887901748111308,
    0.9971276984542193,
    0.952737971478671,
    0.8807520642351104,
    0.9030562920396163,
    0.9633282907293994,
    0.9090737250389724,
    0.9373773630832012,
    0.9740279652846305,
    0.9333673680740886,
    0.9339872510417581,
    0.9279590184837123,
    1.0033339562664556,
    0.8735202106701278,
    0.9424632932710945,
    0.9757952904016958,
    0.9543769177385459,
    0.9168095409962473,
    0.9534352386403294,
    0.881241111603264,
    0.9285426179893803,
    1.085721078326035,
    0.9815215644406186,
    0.9305972706729599,
    0.9088930783316879,
    0.8851179896594384,
    0.8688437435277651,
    0.9484446218585316,
    0.9874574827220254,
    0.8849858581424764,
    0.9217007420794049,
    0.8695328268836169,
    0.8463901892998864,
    0.8591505745636782,
    0.8953321542299236,
    0.8224694129070439,
    0.894518475836996,
    0.8715441540836074,
    0.9639391526881937,
    0.843083591268893,
    0.8507855387433209,
    0.8530844569785065,
    0.8280024544417898,
    0.8392950680830032,
    0.7951014994727063,
    0.7999454634011669,
    0.8291325644434749,
    0.7978884624101517,
    0.81840887300757,
    0.7582882970253357,
    0.8454447452508389,
    0.7569323377591287,
    0.7519998353145526,
    0.7649907743419516,
    0.8019929104145515,
    0.8099076004638522,
    0.7703299246620637,
    0.7825459683362771,
    0.8204739682018191,
    0.8633461028931447,
    0.7532617949196383,
    0.8057595722021509,
    0.7793104575607983,
    0.7687974933921538,
    0.8191212633344247,
    0.7956439208944294,
    0.7775574669824258,
    0.741541877961323,
    0.7953910640124222,
    0.7835507666306886,
    0.7586647434347309,
    0.7766921618834045,
    0.7679375213027169,
    0.8114380052206883,
    0.7463462438980656,
    0.7972658924132683,
    0.782101648978571,
    0.7862413724181497,
    0.7236692243582251,
    0.733850958958509,
    0.7524677296228554,
    0.763678857609404,
    0.7721853920851341,
    0.7009515800919609
  ],
  "l2_error_overall": 0.70095158,
  "l2_error_per_t": {
    "t_0.0": 0.58886431,
    "t_0.5": 0.59329313,
    "t_1.0": 0.62526171,
    "t_1.5": 0.65893102,
    "t_2.0": 0.68802321,
    "t_2.5": 0.71148574,
    "t_3.0": 0.72978783,
    "t_3.5": 0.74378578,
    "t_4.0": 0.75435426,
    "t_4.5": 0.76227287,
    "t_5.0": 0.76820298,
    "t_5.5": 0.7726947,
    "t_6.0": 0.77620124,
    "t_6.5": 0.77909273,
    "t_7.0": 0.7816673,
    "t_7.5": 0.78416001,
    "t_8.0": 0.7867503,
    "t_8.5": 0.78956879,
    "t_9.0": 0.79270384,
    "t_9.5": 0.79620792,
    "t_10.0": 0.80010382
  },
  "mass_mean_t0": -0.005988,
  "mass_mean_tmax": -0.004878,
  "mass_drift": 0.00147735
}