{
  "experiment": "F5_adam_resample_200",
  "optimizer": "SSBroyden2",
  "adam_epochs": 1000,
  "bfgs_iters": 50000,
  "adam_time_s": 745.5,
  "bfgs_time_s": 36995.77,
  "total_time_s": 37741.27,
  "final_adam_loss": 0.029781013604133072,
  "final_bfgs_loss": 0.0005627374107343317,
  "n_params": 1361,
  "l2_rel_error_overall": 0.899915811793018,
  "l2_rel_error_per_t": [
    0.6634650851799428,
    0.684182242237218,
    0.7371755819332448,
    0.791496944658938,
    0.841521229480891,
    0.8859421503031397,
    0.9246161576304583,
    0.9579327344417365,
    0.9865037113807832,
    1.0109637337907917,
    1.0318746372041923,
    1.049700165051752,
    1.0648140745568346,
    1.077518769983998,
    1.0880643533101406,
    1.096665049891535,
    1.103512546357055,
    1.1087870681118333,
    1.1126689552347335,
    1.1153539956771863,
    1.1170737936627237
  ],
  "l2_eval_times": [
    0.0,
    0.5,
    1.0,
    1.5,
    2.0,
    2.5,
    3.0,
    3.5,
    4.0,
    4.5,
    5.0,
    5.5,
    6.0,
    6.5,
    7.0,
    7.5,
    8.0,
    8.5,
    9.0,
    9.5,
    10.0
  ],
  "l2_threshold": 0.5,
  "iters_to_l2_rel_threshold": null,
  "threshold_cross_phase": null,
  "l2_rel_curve": [
    1.0864621827297747,
    1.183262501142954,
    1.133531105732153,
    1.1134631852931443,
    1.297843560954012,
    1.1496523640602547,
    1.116446526953441,
    1.2136089434584587,
    1.1387122135573113,
    1.0851685637561053,
    1.0341272745143153,
    1.0958608928011835,
    1.0831979289182614,
    0.9667004583706041,
    1.0136725409468568,
    1.0588885753140875,
    0.9827671817129195,
    0.9086604309266162,
    0.9715307181282261,
    1.013195384461437,
    0.9077222724764898,
    0.9293700171638055,
    0.9308870962977728,
    0.9261478401195509,
    0.8645379733448608,
    0.952844138829438,
    0.9609448117551144,
    0.9656116264300131,
    0.9601442064631546,
    0.9227283591545125,
    0.8650078945504053,
    0.9549168298551439,
    0.8342038384180702,
    0.9405156681979095,
    0.9349629670455748,
    0.9371149711144313,
    0.9275097299994465,
    0.9010603182875432,
    0.8535721701544612,
    0.8545201314634907,
    0.9489167062170014,
    0.9467956718053063,
    0.9221424451803835,
    0.9214331249892715,
    0.9096872079567063,
    0.9062866492822779,
    0.8791181794821245,
    0.9737081508766579,
    0.9136720221079382,
    0.9406583078021424,
    1.0348512714782045,
    0.9771468243075279,
    0.8923181785004497,
    0.8409650394681111,
    0.9148010590890487,
    0.8887093099549624,
    0.8609178208411923,
    0.9701878307499024,
    0.9125102319624732,
    0.9168617987121701,
    0.9197528450638116,
    0.8940120577032049,
    0.885524443140413,
    0.9380977845566456,
    0.8989553047621575,
    0.8984817252443879,
    0.9155610557323715,
    0.9047782254526315,
    0.9772206806150989,
    0.8996074964302371,
    0.9520399309457023,
    0.9028997718617084,
    0.9144429112499656,
    0.9399844024820141,
    0.9094487020062766,
    0.9077459928306245,
    0.8355165384483443,
    0.941950432362947,
    0.9081149167339508,
    0.8829317736762274,
    1.0125046978692915,
    0.9368239831941052,
    0.9431471506276637,
    0.8665345751614494,
    0.8601540347918373,
    0.9062145814031015,
    0.8798172875785296,
    0.9462968461109317,
    0.8671563296591827,
    0.9224718968787128,
    0.9108422478128567,
    0.8648100914999213,
    0.8782375090631171,
    0.865151000576334,
    0.9048499089191027,
    0.9228668471535018,
    0.8855085712757663,
    0.8580676589875423,
    0.9413280950756935,
    0.8452237043303705,
    0.8759047596857997,
    0.899915811793018
  ],
  "l2_error_overall": 0.89991581,
  "l2_error_per_t": {
    "t_0.0": 0.66346509,
    "t_0.5": 0.68418224,
    "t_1.0": 0.73717558,
    "t_1.5": 0.79149694,
    "t_2.0": 0.84152123,
    "t_2.5": 0.88594215,
    "t_3.0": 0.92461616,
    "t_3.5": 0.95793273,
    "t_4.0": 0.98650371,
    "t_4.5": 1.01096373,
    "t_5.0": 1.03187464,
    "t_5.5": 1.04970017,
    "t_6.0": 1.06481407,
    "t_6.5": 1.07751877,
    "t_7.0": 1.08806435,
    "t_7.5": 1.09666505,
    "t_8.0": 1.10351255,
    "t_8.5": 1.10878707,
    "t_9.0": 1.11266896,
    "t_9.5": 1.115354,
    "t_10.0": 1.11707379
  },
  "mass_mean_t0": -0.003972,
  "mass_mean_tmax": -0.005333,
  "mass_drift": 0.00177296
}