{
  "experiment": "V3_A_nint_16k",
  "optimizer": "SSBroyden2",
  "adam_epochs": 1000,
  "bfgs_iters": 50000,
  "adam_time_s": 843.08,
  "bfgs_time_s": 36719.22,
  "total_time_s": 37562.3,
  "final_adam_loss": 0.0321264089471924,
  "final_bfgs_loss": 5.064407065630224e-05,
  "n_params": 1361,
  "l2_rel_error_overall": 0.44298000912137886,
  "l2_rel_error_per_t": [
    0.17846326748731678,
    0.35869141828978246,
    0.47946252017484986,
    0.5288897978030567,
    0.5401459579876141,
    0.5319722735926176,
    0.5151447477245348,
    0.4962091588149138,
    0.4793250232895863,
    0.46700380326760954,
    0.4604007620017755,
    0.4595999253602144,
    0.4640224042332455,
    0.4728705563039778,
    0.48547409190718815,
    0.5014724431007884,
    0.5208478911799872,
    0.5438624447363801,
    0.5709529424821332,
    0.6026249690061578,
    0.6393700098909055
  ],
  "l2_eval_times": [
    0.0,
    1.0,
    2.0,
    3.0,
    4.0,
    5.0,
    6.0,
    7.0,
    8.0,
    9.0,
    10.0,
    11.0,
    12.0,
    13.0,
    14.0,
    15.0,
    16.0,
    17.0,
    18.0,
    19.0,
    20.0
  ],
  "l2_threshold": 0.5,
  "iters_to_l2_rel_threshold": 14500,
  "threshold_cross_phase": "SSBroyden2",
  "l2_rel_curve": [
    1.040966380002737,
    2.2865689264585045,
    1.5625585805974143,
    1.115053792439905,
    0.9855853412503525,
    0.8920970042992437,
    0.8221902980412507,
    0.7266225297613886,
    0.6384873358985388,
    0.6994518033423892,
    0.6161634233275601,
    0.6382038691789752,
    0.6768806631795515,
    0.6577925152997205,
    0.6323020610832512,
    0.5697648658791206,
    0.5822145359368928,
    0.5933251568227986,
    0.5902285007930943,
    0.5989156175291194,
    0.5789696929481674,
    0.5599471426658846,
    0.5018982255515076,
    0.5373127161747375,
    0.5176595602544706,
    0.5597066858494991,
    0.503906616313798,
    0.5249811592938188,
    0.4892896142755734,
    0.507775975112721,
    0.5089956682613499,
    0.4969722300210417,
    0.49614540968007204,
    0.4912673036499544,
    0.5390598340702948,
    0.4856308711266877,
    0.5185209746597407,
    0.4942387657738655,
    0.495058097098304,
    0.499301899692308,
    0.45989019539493686,
    0.48295185127552986,
    0.5584770975492642,
    0.5338191714247084,
    0.5054429769130365,
    0.4748637027120493,
    0.4861473484806929,
    0.48394917587209935,
    0.48445041814278955,
    0.4825232021693109,
    0.5005110029057577,
    0.4739622679018093,
    0.5056357122604754,
    0.4765524862890052,
    0.48648089575793146,
    0.5114126698708861,
    0.48614356597933944,
    0.49300871493305676,
    0.5267467381736193,
    0.5005083704013022,
    0.49399884310963776,
    0.5178314626874232,
    0.4842674984799223,
    0.49322300560637317,
    0.46440145375638014,
    0.5095184049828837,
    0.45938156695601556,
    0.48725805164672975,
    0.5244680592207078,
    0.5035826817220496,
    0.49762736239049465,
    0.5377436747234495,
    0.4804976958401878,
    0.4724461083150046,
    0.5055271245684332,
    0.45315645993826886,
    0.45333415567838087,
    0.5025151314427798,
    0.4954431709989571,
    0.4820924835828529,
    0.487742003150956,
    0.4720555383489891,
    0.45405216010684685,
    0.44091324576507984,
    0.4578804428164127,
    0.49850572999110077,
    0.49759875025441014,
    0.4501307629858117,
    0.4691235110161957,
    0.4902609174081489,
    0.4491908838654803,
    0.5379006958003162,
    0.47093080782051405,
    0.4959467697910057,
    0.47130304661318057,
    0.4709776110875823,
    0.4496835345291185,
    0.4906777296770819,
    0.47977557052675673,
    0.44061750459318333,
    0.4743358240257524,
    0.44298000912137886
  ],
  "l2_error_overall": 0.44298001,
  "l2_error_per_t": {
    "t_0.0": 0.17846327,
    "t_1.0": 0.35869142,
    "t_2.0": 0.47946252,
    "t_3.0": 0.5288898,
    "t_4.0": 0.54014596,
    "t_5.0": 0.53197227,
    "t_6.0": 0.51514475,
    "t_7.0": 0.49620916,
    "t_8.0": 0.47932502,
    "t_9.0": 0.4670038,
    "t_10.0": 0.46040076,
    "t_11.0": 0.45959993,
    "t_12.0": 0.4640224,
    "t_13.0": 0.47287056,
    "t_14.0": 0.48547409,
    "t_15.0": 0.50147244,
    "t_16.0": 0.52084789,
    "t_17.0": 0.54386244,
    "t_18.0": 0.57095294,
    "t_19.0": 0.60262497,
    "t_20.0": 0.63937001
  },
  "mass_mean_t0": -0.00371,
  "mass_mean_tmax": -0.006043,
  "mass_drift": 0.00233303
}