{
  "experiment": "H2_rad_k1_2p0",
  "optimizer": "SSBroyden2",
  "adam_epochs": 1000,
  "bfgs_iters": 50000,
  "adam_time_s": 654.74,
  "bfgs_time_s": 36771.88,
  "total_time_s": 37426.63,
  "final_adam_loss": 0.031184038111922503,
  "final_bfgs_loss": 0.00043576259943076167,
  "n_params": 1361,
  "l2_rel_error_overall": 1.2538700300062453,
  "l2_rel_error_per_t": [
    0.555848567078236,
    0.6072813199680775,
    0.7089810690266798,
    0.8201740660433776,
    0.9297402618293945,
    1.0347357572693965,
    1.1346165362048446,
    1.229562569859724,
    1.3199544697823011,
    1.4062025421929334,
    1.4886918876006692,
    1.5677675787552512,
    1.6437338013967229,
    1.7168575564230693,
    1.787373469352213,
    1.855488462677983,
    1.9213858893741727,
    1.9852290480524122,
    2.0471641185995977,
    2.107322594423815,
    2.165823292895487
  ],
  "l2_eval_times": [
    0.0,
    0.5,
    1.0,
    1.5,
    2.0,
    2.5,
    3.0,
    3.5,
    4.0,
    4.5,
    5.0,
    5.5,
    6.0,
    6.5,
    7.0,
    7.5,
    8.0,
    8.5,
    9.0,
    9.5,
    10.0
  ],
  "l2_threshold": 0.5,
  "iters_to_l2_rel_threshold": null,
  "threshold_cross_phase": null,
  "l2_rel_curve": [
    1.0400433113977074,
    1.0221830425542007,
    1.2921074427526107,
    1.3900548068142555,
    1.3172009294265448,
    1.3053224919544493,
    1.2944387941231557,
    1.2899281014097943,
    1.3806294237394412,
    1.2907899281802047,
    1.300733084431973,
    1.346506652140049,
    1.3013484985173642,
    1.3118287298397755,
    1.4001907658051804,
    1.2957772556423586,
    1.278529821020234,
    1.3558155782819767,
    1.3256371194642027,
    1.3127207570609567,
    1.3253933113164684,
    1.2432758297848943,
    1.2730887902939685,
    1.33069879199985,
    1.2989582020121404,
    1.3356543069598552,
    1.2258579194120316,
    1.2712201352775916,
    1.3023467283755383,
    1.263524965353322,
    1.32052201340447,
    1.3017198831831538,
    1.3013534756452545,
    1.3072412111950764,
    1.2581345858865,
    1.3257706177707007,
    1.2343737412893643,
    1.3319790116292023,
    1.2838092785460857,
    1.2852842802812785,
    1.3159266208678908,
    1.286485126561231,
    1.261485755652711,
    1.2443339043213155,
    1.2264526563964073,
    1.1941581758264266,
    1.2401403772068778,
    1.2341397521440198,
    1.23357122955342,
    1.2749861038394903,
    1.295782262197037,
    1.2451403871911897,
    1.215323264383162,
    1.2695745681265946,
    1.3092558684478468,
    1.298118682901999,
    1.2777736648208404,
    1.2111357789612311,
    1.2167813543677222,
    1.2919059757372848,
    1.2041157507645468,
    1.2092722532961224,
    1.270509979283906,
    1.2212576728408837,
    1.2370261585522888,
    1.2228345303885682,
    1.2042740553752098,
    1.2372409951428995,
    1.2425678311303046,
    1.2511816461803977,
    1.226122275536957,
    1.2577809683445411,
    1.183705239213554,
    1.2427107736387017,
    1.2095800281273885,
    1.1949393904156296,
    1.2355582514804215,
    1.292562259676786,
    1.2511293897543496,
    1.240391998525687,
    1.227829723852222,
    1.2607700631985885,
    1.2109811796660634,
    1.23787453304136,
    1.2301682322498564,
    1.2252074561250066,
    1.1982837735126748,
    1.2069378207147614,
    1.2592047625556924,
    1.2297462762923654,
    1.2230200613184679,
    1.252432374201528,
    1.2132421017446213,
    1.2245915055983296,
    1.22200810144783,
    1.2460638688550398,
    1.2002736923195159,
    1.2631724136438394,
    1.2870686729338174,
    1.2176882347844766,
    1.1998699427421884,
    1.2538700300062453
  ],
  "l2_error_overall": 1.25387003,
  "l2_error_per_t": {
    "t_0.0": 0.55584857,
    "t_0.5": 0.60728132,
    "t_1.0": 0.70898107,
    "t_1.5": 0.82017407,
    "t_2.0": 0.92974026,
    "t_2.5": 1.03473576,
    "t_3.0": 1.13461654,
    "t_3.5": 1.22956257,
    "t_4.0": 1.31995447,
    "t_4.5": 1.40620254,
    "t_5.0": 1.48869189,
    "t_5.5": 1.56776758,
    "t_6.0": 1.6437338,
    "t_6.5": 1.71685756,
    "t_7.0": 1.78737347,
    "t_7.5": 1.85548846,
    "t_8.0": 1.92138589,
    "t_8.5": 1.98522905,
    "t_9.0": 2.04716412,
    "t_9.5": 2.10732259,
    "t_10.0": 2.16582329
  },
  "mass_mean_t0": -0.006795,
  "mass_mean_tmax": -0.006228,
  "mass_drift": 0.0005672
}