{
  "experiment": "V3_E_batch_1000",
  "optimizer": "SSBroyden2",
  "adam_epochs": 1000,
  "bfgs_iters": 50000,
  "adam_time_s": 290.06,
  "bfgs_time_s": 19770.1,
  "total_time_s": 20060.16,
  "final_adam_loss": 0.02972065730929714,
  "final_bfgs_loss": 3.1786321889202e-05,
  "n_params": 1361,
  "l2_rel_error_overall": 0.4567336126539864,
  "l2_rel_error_per_t": [
    0.16129265306359583,
    0.305971538489782,
    0.40709899101326863,
    0.4464664409847317,
    0.4559727433873922,
    0.45422762232492614,
    0.45197166128859906,
    0.4549147167892449,
    0.46534338509509393,
    0.48328513444731824,
    0.5075045683060259,
    0.5362930397767177,
    0.5679721473828027,
    0.6011328482914466,
    0.6346995340801568,
    0.6679061263517989,
    0.7002402546804783,
    0.7313836537963332,
    0.7611600380166409,
    0.7894934251972768,
    0.8163764297609384
  ],
  "l2_eval_times": [
    0.0,
    1.0,
    2.0,
    3.0,
    4.0,
    5.0,
    6.0,
    7.0,
    8.0,
    9.0,
    10.0,
    11.0,
    12.0,
    13.0,
    14.0,
    15.0,
    16.0,
    17.0,
    18.0,
    19.0,
    20.0
  ],
  "l2_threshold": 0.5,
  "iters_to_l2_rel_threshold": 23500,
  "threshold_cross_phase": "SSBroyden2",
  "l2_rel_curve": [
    1.44220130107044,
    1.0066074249740995,
    1.3274508654062107,
    0.9032362470604415,
    0.9642561050818831,
    0.9762659034884948,
    0.7146800918046198,
    0.6854967461765592,
    0.6718379686295253,
    0.6874102142188212,
    0.7259302094831447,
    0.6978707734928498,
    0.7084024964553017,
    0.6274386098322279,
    0.6737717646753919,
    0.6190010917164218,
    0.6037928012059914,
    0.6086967246716539,
    0.614602291949445,
    0.6106702656132547,
    0.5996340605861636,
    0.5929921286569253,
    0.6171968357474881,
    0.5858655712342228,
    0.5664881386609355,
    0.581735857835228,
    0.5775519843897617,
    0.5378093679926763,
    0.5310348642881747,
    0.5549886409151795,
    0.5393220324345057,
    0.5238847948785714,
    0.540820727982939,
    0.5359566301113481,
    0.5539701385868975,
    0.5410732130060867,
    0.5370424902756185,
    0.5130758022425754,
    0.5305707666259764,
    0.5321804250421452,
    0.5284865334062223,
    0.5157382303175031,
    0.5301828291096553,
    0.5159302645717418,
    0.5429651097423788,
    0.5383046602568016,
    0.4932926060505754,
    0.5036195781416855,
    0.526870790632953,
    0.5102388786299156,
    0.5143344493205131,
    0.4981273542672963,
    0.48770408173971347,
    0.49372384016601506,
    0.5132904258133008,
    0.5225796335367778,
    0.49842149766172505,
    0.496223453504097,
    0.4810049384470696,
    0.5006259746021272,
    0.4907034074750947,
    0.4904189364052568,
    0.5026116707350943,
    0.5007140652715292,
    0.5154504867105204,
    0.5010884743375698,
    0.4944005147220481,
    0.4708688037976835,
    0.505317076455202,
    0.48673639532091484,
    0.4769856881225847,
    0.4820642055225471,
    0.4910692720207563,
    0.48782997150103835,
    0.46780963386814395,
    0.47906674386400444,
    0.5263276522807941,
    0.522180222392893,
    0.48328248529770335,
    0.46460580794559847,
    0.4812982899494503,
    0.4767180345414474,
    0.48376333225885804,
    0.47210770337308433,
    0.5337124590429556,
    0.5102929294235261,
    0.45819882812684065,
    0.46405481412572924,
    0.48508483252035467,
    0.4756610508109089,
    0.467582048984372,
    0.46162632848830576,
    0.4655358937748322,
    0.46881694194026746,
    0.46440709429103866,
    0.461466068908696,
    0.4539083389570317,
    0.455105194808608,
    0.4670876307472329,
    0.4671208356677708,
    0.4838727753549338,
    0.4567336126539864
  ],
  "l2_error_overall": 0.45673361,
  "l2_error_per_t": {
    "t_0.0": 0.16129265,
    "t_1.0": 0.30597154,
    "t_2.0": 0.40709899,
    "t_3.0": 0.44646644,
    "t_4.0": 0.45597274,
    "t_5.0": 0.45422762,
    "t_6.0": 0.45197166,
    "t_7.0": 0.45491472,
    "t_8.0": 0.46534339,
    "t_9.0": 0.48328513,
    "t_10.0": 0.50750457,
    "t_11.0": 0.53629304,
    "t_12.0": 0.56797215,
    "t_13.0": 0.60113285,
    "t_14.0": 0.63469953,
    "t_15.0": 0.66790613,
    "t_16.0": 0.70024025,
    "t_17.0": 0.73138365,
    "t_18.0": 0.76116004,
    "t_19.0": 0.78949343,
    "t_20.0": 0.81637643
  },
  "mass_mean_t0": -0.002905,
  "mass_mean_tmax": 0.006677,
  "mass_drift": 0.0098458
}