{
  "experiment": "V3_E_batch_1000",
  "optimizer": "SSBroyden2",
  "adam_epochs": 1000,
  "bfgs_iters": 50000,
  "adam_time_s": 386.08,
  "bfgs_time_s": 23880.75,
  "total_time_s": 24266.82,
  "final_adam_loss": 0.03042360530420233,
  "final_bfgs_loss": 3.298423155860592e-05,
  "n_params": 1361,
  "l2_rel_error_overall": 0.4877286384963353,
  "l2_rel_error_per_t": [
    0.16584973437864264,
    0.3201936908116575,
    0.42539143219147324,
    0.4671809398537289,
    0.4790200522397654,
    0.48018242811879497,
    0.4814923659426641,
    0.48837757552351346,
    0.5027013006149531,
    0.5241445253264257,
    0.5513122356722687,
    0.5825046874435184,
    0.6161436827607372,
    0.6509422124676757,
    0.6859297817901481,
    0.7204155791007483,
    0.7539341621576549,
    0.7861930490108202,
    0.8170285853613982,
    0.8463709053615943,
    0.8742168763856225
  ],
  "l2_eval_times": [
    0.0,
    1.0,
    2.0,
    3.0,
    4.0,
    5.0,
    6.0,
    7.0,
    8.0,
    9.0,
    10.0,
    11.0,
    12.0,
    13.0,
    14.0,
    15.0,
    16.0,
    17.0,
    18.0,
    19.0,
    20.0
  ],
  "l2_threshold": 0.5,
  "iters_to_l2_rel_threshold": 23000,
  "threshold_cross_phase": "SSBroyden2",
  "l2_rel_curve": [
    1.4890089099528807,
    3.296795562647541,
    1.3328350645157752,
    1.0413409261573865,
    0.7879668287715887,
    0.7760950690698066,
    0.7383483135501219,
    0.6853379985931336,
    0.7276794189106494,
    0.6943120219284935,
    0.7417195018171957,
    0.664171103336072,
    0.6226309989893561,
    0.5837644562173684,
    0.607337934600456,
    0.58429351113692,
    0.619886519370714,
    0.6125762867587727,
    0.5633538320077602,
    0.5504539959133384,
    0.6246062788531612,
    0.5927453999403641,
    0.6010907524318305,
    0.5645524480208404,
    0.5599700602867538,
    0.5287706596815442,
    0.5629636694003377,
    0.5516094320600949,
    0.5158632932587541,
    0.5093619609669207,
    0.5596112540843854,
    0.5610427296329081,
    0.5272767566458905,
    0.5101624707348615,
    0.5245101462260282,
    0.5319798017306969,
    0.5436818638141493,
    0.56879405146896,
    0.5470398044802302,
    0.5456533859565775,
    0.5300746875580827,
    0.5182643548808886,
    0.5214691336624372,
    0.521813073729154,
    0.5351307129030128,
    0.49427774902166877,
    0.5150273802543971,
    0.5414200135904568,
    0.5035333420380049,
    0.4859396992434754,
    0.5354560021105828,
    0.5435887176504591,
    0.5105515062440936,
    0.5266352962856866,
    0.5091849934156961,
    0.49417434092975354,
    0.5086301430238006,
    0.4970617329917085,
    0.5311412996524929,
    0.4881707451609107,
    0.5045674633318924,
    0.5038212782978415,
    0.48556887531139153,
    0.47569036215200405,
    0.4983783282228293,
    0.49931220664491627,
    0.49436935523885495,
    0.48734470875013536,
    0.5235099816608179,
    0.5060176174352248,
    0.48453642060774205,
    0.5146016874294383,
    0.49287698980875,
    0.4880215345274404,
    0.4740760293520109,
    0.46787444127308625,
    0.49108383243209236,
    0.49045508304558894,
    0.4892203767025824,
    0.486180235059182,
    0.46311081848612373,
    0.457258046742212,
    0.4812415870024716,
    0.46330629169770376,
    0.47828506608704513,
    0.4796859363751969,
    0.4601349663433779,
    0.46189261392765446,
    0.46046882359465613,
    0.475770283656004,
    0.4602763052005064,
    0.47855649044881393,
    0.4904620523877125,
    0.4925683812813289,
    0.46677055792751543,
    0.4748429136252682,
    0.468169372983739,
    0.4690150947427268,
    0.48795162396603653,
    0.4874819583322596,
    0.5104338474019368,
    0.4877286384963353
  ],
  "l2_error_overall": 0.48772864,
  "l2_error_per_t": {
    "t_0.0": 0.16584973,
    "t_1.0": 0.32019369,
    "t_2.0": 0.42539143,
    "t_3.0": 0.46718094,
    "t_4.0": 0.47902005,
    "t_5.0": 0.48018243,
    "t_6.0": 0.48149237,
    "t_7.0": 0.48837758,
    "t_8.0": 0.5027013,
    "t_9.0": 0.52414453,
    "t_10.0": 0.55131224,
    "t_11.0": 0.58250469,
    "t_12.0": 0.61614368,
    "t_13.0": 0.65094221,
    "t_14.0": 0.68592978,
    "t_15.0": 0.72041558,
    "t_16.0": 0.75393416,
    "t_17.0": 0.78619305,
    "t_18.0": 0.81702859,
    "t_19.0": 0.84637091,
    "t_20.0": 0.87421688
  },
  "mass_mean_t0": -0.003244,
  "mass_mean_tmax": 0.007185,
  "mass_drift": 0.01042927
}