{
  "experiment": "lbfgs_64",
  "optimizer": "L-BFGS-B",
  "adam_epochs": 1000,
  "bfgs_iters": 50000,
  "adam_time_s": 336.56,
  "bfgs_time_s": 18542.9,
  "total_time_s": 18879.46,
  "final_adam_loss": 0.03042359037707529,
  "final_bfgs_loss": 0.00041774018156549115,
  "n_params": 1361,
  "mass_mean_t0": -0.00379,
  "mass_mean_tmax": -0.005956,
  "mass_drift": 0.00666895,
  "l2_error_per_t": {
    "t_0.0": 0.17978523,
    "t_5.0": 0.81682897,
    "t_10.0": 0.87054606,
    "t_15.0": 0.89264736,
    "t_20.0": 0.94317343
  },
  "l2_error_overall": 0.54659747
}