{
  "experiment": "ssbroyden1_64",
  "optimizer": "SSBroyden1",
  "adam_epochs": 1000,
  "bfgs_iters": 50000,
  "adam_time_s": 346.73,
  "bfgs_time_s": 42694.8,
  "total_time_s": 43041.53,
  "final_adam_loss": 0.03053902615977564,
  "final_bfgs_loss": 2.1733911635039813e-05,
  "n_params": 1361,
  "mass_mean_t0": -0.005037,
  "mass_mean_tmax": -0.004654,
  "mass_drift": 0.00070398,
  "l2_error_per_t": {
    "t_0.0": 0.14472301,
    "t_5.0": 0.50223642,
    "t_10.0": 0.45003564,
    "t_15.0": 0.48112893,
    "t_20.0": 0.55729843
  },
  "l2_error_overall": 0.32268295
}