{
  "experiment": "H2_rad_k1_2p0",
  "optimizer": "SSBroyden2",
  "adam_epochs": 1000,
  "bfgs_iters": 50000,
  "adam_time_s": 653.82,
  "bfgs_time_s": 36952.29,
  "total_time_s": 37606.11,
  "final_adam_loss": 0.03095489240760396,
  "final_bfgs_loss": 0.0003307465191371305,
  "n_params": 1361,
  "l2_rel_error_overall": 1.213338098640355,
  "l2_rel_error_per_t": [
    0.5396826753158956,
    0.582833870322063,
    0.6787696094283691,
    0.7856590250656619,
    0.8918318979579869,
    0.9940674372588867,
    1.0916556680044072,
    1.1846632240893804,
    1.2733881946586256,
    1.3581791419223235,
    1.4393744401408493,
    1.5172836078814007,
    1.5921836777286233,
    1.6643208384859414,
    1.7339136976286689,
    1.8011567898209444,
    1.8662238356608016,
    1.929270600067018,
    1.9904373349694973,
    2.0498508412690306,
    2.107626200465785
  ],
  "l2_eval_times": [
    0.0,
    0.5,
    1.0,
    1.5,
    2.0,
    2.5,
    3.0,
    3.5,
    4.0,
    4.5,
    5.0,
    5.5,
    6.0,
    6.5,
    7.0,
    7.5,
    8.0,
    8.5,
    9.0,
    9.5,
    10.0
  ],
  "l2_threshold": 0.5,
  "iters_to_l2_rel_threshold": null,
  "threshold_cross_phase": null,
  "l2_rel_curve": [
    1.0075099946494284,
    1.0091147793898256,
    0.923236900282765,
    1.187424431686471,
    1.2839399284512831,
    1.4081630209948293,
    1.314150335744479,
    1.3331002127009073,
    1.3507620076428974,
    1.3318487144567377,
    1.34691809968846,
    1.2884361858646343,
    1.304199046119481,
    1.318856606646593,
    1.3292285000456556,
    1.322098127425903,
    1.296799805779471,
    1.279288023637996,
    1.2849060778842294,
    1.2617365404960534,
    1.2560355731564221,
    1.2649790938204166,
    1.2580043668471703,
    1.2704453968532718,
    1.2577893752240272,
    1.2900485716941457,
    1.2725421406656596,
    1.23475149197587,
    1.2634587709332525,
    1.2943574673297527,
    1.3083466810455877,
    1.2672337369730038,
    1.2511315201267017,
    1.2412717188624,
    1.2767048128383263,
    1.234103773224206,
    1.2549633830552447,
    1.2954210094190741,
    1.2206037712202555,
    1.2260055942409265,
    1.250034062061996,
    1.2538695187139919,
    1.2161236162177622,
    1.2560187885834866,
    1.224416112887431,
    1.334466194318276,
    1.268323680604057,
    1.2577853098619718,
    1.2432803071784815,
    1.332018188408959,
    1.2149141384299873,
    1.2005889553609368,
    1.2698793181997174,
    1.226792776240063,
    1.2027211620063802,
    1.203833963207609,
    1.268990043280778,
    1.275430839777615,
    1.2517909798973919,
    1.2272550080512727,
    1.2274641922809666,
    1.187677787737217,
    1.157611066794122,
    1.237708263985513,
    1.23696977539293,
    1.228245704714987,
    1.2197480510339822,
    1.1949342677121697,
    1.2072941961430972,
    1.2347828414275046,
    1.2419680291984863,
    1.2548369183565837,
    1.254896495126802,
    1.2337481407075497,
    1.1991155976125334,
    1.278928269447525,
    1.2435741184888531,
    1.2485877983300966,
    1.2166512640566693,
    1.225703649516273,
    1.2029253735768468,
    1.2164602215966063,
    1.2348110828724126,
    1.215228148016137,
    1.2219181199222786,
    1.1782415798871055,
    1.2349047934415678,
    1.2089777511601172,
    1.2254185557250816,
    1.235838169536884,
    1.1962729935686593,
    1.2208282883162798,
    1.2075346665545093,
    1.2043129164551643,
    1.2167794205896671,
    1.2085085979693935,
    1.273366074724301,
    1.214552831841263,
    1.2436195718488945,
    1.2168427240836293,
    1.1984832533694558,
    1.213338098640355
  ],
  "l2_error_overall": 1.2133381,
  "l2_error_per_t": {
    "t_0.0": 0.53968268,
    "t_0.5": 0.58283387,
    "t_1.0": 0.67876961,
    "t_1.5": 0.78565903,
    "t_2.0": 0.8918319,
    "t_2.5": 0.99406744,
    "t_3.0": 1.09165567,
    "t_3.5": 1.18466322,
    "t_4.0": 1.27338819,
    "t_4.5": 1.35817914,
    "t_5.0": 1.43937444,
    "t_5.5": 1.51728361,
    "t_6.0": 1.59218368,
    "t_6.5": 1.66432084,
    "t_7.0": 1.7339137,
    "t_7.5": 1.80115679,
    "t_8.0": 1.86622384,
    "t_8.5": 1.9292706,
    "t_9.0": 1.99043733,
    "t_9.5": 2.04985084,
    "t_10.0": 2.1076262
  },
  "mass_mean_t0": -0.006689,
  "mass_mean_tmax": -0.006538,
  "mass_drift": 0.00015138
}