{
  "experiment": "H4_rad_k2_2p0",
  "optimizer": "SSBroyden2",
  "adam_epochs": 1000,
  "bfgs_iters": 50000,
  "adam_time_s": 514.84,
  "bfgs_time_s": 30635.38,
  "total_time_s": 31150.22,
  "final_adam_loss": 0.03226288136262919,
  "final_bfgs_loss": 0.0004512001443224781,
  "n_params": 1361,
  "l2_rel_error_overall": 0.9740308368054506,
  "l2_rel_error_per_t": [
    0.6547943018326883,
    0.6816777544311873,
    0.7373864233164857,
    0.7968879850309873,
    0.8531285160100783,
    0.9044023642501818,
    0.9507515415196588,
    0.9928011490897282,
    1.0313694579442632,
    1.0673175650377835,
    1.1014718067668694,
    1.1345747032992952,
    1.1672548956859456,
    1.200013438409846,
    1.2332237819280696,
    1.2671418984666833,
    1.3019226671241044,
    1.3376390332620554,
    1.3743012515658264,
    1.4118744814361757,
    1.4502938461689447
  ],
  "l2_eval_times": [
    0.0,
    0.5,
    1.0,
    1.5,
    2.0,
    2.5,
    3.0,
    3.5,
    4.0,
    4.5,
    5.0,
    5.5,
    6.0,
    6.5,
    7.0,
    7.5,
    8.0,
    8.5,
    9.0,
    9.5,
    10.0
  ],
  "l2_threshold": 0.5,
  "iters_to_l2_rel_threshold": null,
  "threshold_cross_phase": null,
  "l2_rel_curve": [
    1.1514935881763937,
    0.9958768162362609,
    0.9922065447079921,
    0.9713619179129525,
    1.0502830729509018,
    1.0592473234426807,
    1.071491423356015,
    1.015120481924826,
    0.9624165602780272,
    0.9545949731035139,
    0.9755499395770617,
    0.9599072757884112,
    0.9315556976838538,
    0.9716957240482306,
    0.9145828671890024,
    0.9274637928048024,
    0.9165699557131624,
    0.9717973858121455,
    0.9543240475325628,
    1.0104975002778223,
    1.0072801114788066,
    0.9644250292768415,
    0.9287751150734094,
    0.9054930331093356,
    0.9143861987198569,
    0.9020322033406881,
    0.8832284686624975,
    0.9927239417165826,
    0.9174125218115196,
    0.9316397230873446,
    0.9555072739210536,
    0.9769507771653982,
    0.9305374600625332,
    0.9090356624913191,
    0.8498115819646036,
    0.9424001268318111,
    0.9792008009376078,
    0.9216583101870871,
    0.9173248053680875,
    0.8377262953497245,
    0.8909844901476722,
    0.855767810959659,
    0.7840324223876216,
    0.7658717428560636,
    0.859471473307632,
    0.8408675733770379,
    0.830379987466002,
    0.8427726542948554,
    0.8549716867123475,
    0.8940376157876563,
    1.0254159763490525,
    0.9018406475562271,
    0.892006374299986,
    0.9268249937880537,
    0.9592492770480933,
    0.9337622214367772,
    0.9140635634466862,
    0.9356496442440058,
    0.9543235761826687,
    1.0044794709223777,
    0.9877290228165804,
    0.8730173069475033,
    0.8986278327756039,
    0.9708397884440548,
    0.8558967331535942,
    0.8738214466590363,
    0.941106150086787,
    1.000188560961946,
    0.91591860580485,
    1.039685931288342,
    0.8743917310450207,
    0.9976396221160708,
    0.8592649499675992,
    1.0130932963233648,
    0.9167371205046254,
    0.8628440343194942,
    0.8418492802394562,
    0.861101297177507,
    0.99143967911108,
    0.9556478886731287,
    0.9809909272133024,
    0.9081248691732129,
    0.9881345504025212,
    1.0083319206358798,
    0.9701391793371259,
    0.9980776964279506,
    0.9257188857475892,
    0.926946524002171,
    1.0495084940114907,
    0.9639059783759314,
    0.9775665727739751,
    0.9005049734324161,
    0.9280351143882273,
    1.0200821858017057,
    0.9870916111433876,
    0.9137621125443767,
    0.9554459602584116,
    0.9952491585540053,
    0.9912862546825385,
    0.9684127869312237,
    0.8627919871372813,
    0.9740308368054506
  ],
  "l2_error_overall": 0.97403084,
  "l2_error_per_t": {
    "t_0.0": 0.6547943,
    "t_0.5": 0.68167775,
    "t_1.0": 0.73738642,
    "t_1.5": 0.79688799,
    "t_2.0": 0.85312852,
    "t_2.5": 0.90440236,
    "t_3.0": 0.95075154,
    "t_3.5": 0.99280115,
    "t_4.0": 1.03136946,
    "t_4.5": 1.06731757,
    "t_5.0": 1.10147181,
    "t_5.5": 1.1345747,
    "t_6.0": 1.1672549,
    "t_6.5": 1.20001344,
    "t_7.0": 1.23322378,
    "t_7.5": 1.2671419,
    "t_8.0": 1.30192267,
    "t_8.5": 1.33763903,
    "t_9.0": 1.37430125,
    "t_9.5": 1.41187448,
    "t_10.0": 1.45029385
  },
  "mass_mean_t0": -0.003115,
  "mass_mean_tmax": 0.021383,
  "mass_drift": 0.02449824
}