{
  "experiment": "V3_F_combined_sampling",
  "optimizer": "SSBroyden2",
  "adam_epochs": 1000,
  "bfgs_iters": 50000,
  "adam_time_s": 753.67,
  "bfgs_time_s": 55957.47,
  "total_time_s": 56711.14,
  "final_adam_loss": 0.03220215223018392,
  "final_bfgs_loss": 4.5865519408932716e-05,
  "n_params": 1361,
  "l2_rel_error_overall": 0.42665321123875183,
  "l2_rel_error_per_t": [
    0.05802438618730298,
    0.29795618630134135,
    0.40940688267948955,
    0.4470770082522261,
    0.4512394249780492,
    0.4435812820977159,
    0.43578557774851123,
    0.43334681346782117,
    0.4380656395510608,
    0.44982296179630915,
    0.4677004572188492,
    0.49054436637006027,
    0.5171810131282941,
    0.5464839536499527,
    0.5774051111953794,
    0.6090050399826379,
    0.6404812371790312,
    0.6711864310870833,
    0.700632899942768,
    0.7284838313191624,
    0.7545353980522465
  ],
  "l2_eval_times": [
    0.0,
    1.0,
    2.0,
    3.0,
    4.0,
    5.0,
    6.0,
    7.0,
    8.0,
    9.0,
    10.0,
    11.0,
    12.0,
    13.0,
    14.0,
    15.0,
    16.0,
    17.0,
    18.0,
    19.0,
    20.0
  ],
  "l2_threshold": 0.5,
  "iters_to_l2_rel_threshold": 17500,
  "threshold_cross_phase": "SSBroyden2",
  "l2_rel_curve": [
    1.1258983655141286,
    2.7537162388556666,
    1.219638483262172,
    1.1560994010586854,
    0.8013270693584396,
    0.7529003190447485,
    0.6716471761221574,
    0.6694535190714869,
    0.6718783866498665,
    0.647118075899281,
    0.6503692683654223,
    0.5982680934516795,
    0.6055856382302398,
    0.5817340873939421,
    0.6123342902704785,
    0.6637435495804106,
    0.5842493818266407,
    0.5614146602807825,
    0.5942856218366337,
    0.5401346110498463,
    0.6026995000842799,
    0.5549822388477612,
    0.5603272764900943,
    0.5306793171713746,
    0.5456331855088796,
    0.5786065074861069,
    0.5189344644412163,
    0.5266423127324157,
    0.5400164692235568,
    0.5062649006560862,
    0.5161131814040432,
    0.5166843102885668,
    0.5043308596197921,
    0.5230594634632737,
    0.48183939359555794,
    0.5273959714529948,
    0.49024164085584687,
    0.5073609590916419,
    0.5072955704628701,
    0.5128419374579128,
    0.49987151083827114,
    0.47985525910893867,
    0.49720876174659895,
    0.4976724703382014,
    0.5355517016977449,
    0.47523019896889596,
    0.4877638752961757,
    0.49508675295582233,
    0.4858922949057838,
    0.48226010326223084,
    0.49046045143801636,
    0.4658990737689336,
    0.4742513910407002,
    0.4726370315614976,
    0.4680593996908151,
    0.47331847307478986,
    0.46808000673071437,
    0.4694117882991946,
    0.46343996403876975,
    0.4659520252133007,
    0.4589017520763068,
    0.468204696304632,
    0.45670183977912115,
    0.45110588481050223,
    0.4667618590490176,
    0.45364328250968894,
    0.45835692119585447,
    0.4699418961706218,
    0.46166405432810953,
    0.4401084039167295,
    0.4769187350741879,
    0.4492566324822757,
    0.45434464729058976,
    0.46082461422270693,
    0.4493393319881479,
    0.4555070970431832,
    0.45529349651996337,
    0.44284953676507105,
    0.45304102141626607,
    0.4555342631923954,
    0.4481802786614456,
    0.4241999326297792,
    0.4633272220602184,
    0.43842109817460034,
    0.45477542712211233,
    0.4462169753878107,
    0.4392775903248333,
    0.4435165003678582,
    0.4433163583977612,
    0.44475702091126,
    0.44317307588885224,
    0.45352293233623325,
    0.4398858116703074,
    0.449298658446506,
    0.44937982306747376,
    0.44165334939908346,
    0.4456738454723953,
    0.43788905113120613,
    0.4356925109756391,
    0.44640087869712664,
    0.43349084997584303,
    0.42665321123875183
  ],
  "l2_error_overall": 0.42665321,
  "l2_error_per_t": {
    "t_0.0": 0.05802439,
    "t_1.0": 0.29795619,
    "t_2.0": 0.40940688,
    "t_3.0": 0.44707701,
    "t_4.0": 0.45123942,
    "t_5.0": 0.44358128,
    "t_6.0": 0.43578558,
    "t_7.0": 0.43334681,
    "t_8.0": 0.43806564,
    "t_9.0": 0.44982296,
    "t_10.0": 0.46770046,
    "t_11.0": 0.49054437,
    "t_12.0": 0.51718101,
    "t_13.0": 0.54648395,
    "t_14.0": 0.57740511,
    "t_15.0": 0.60900504,
    "t_16.0": 0.64048124,
    "t_17.0": 0.67118643,
    "t_18.0": 0.7006329,
    "t_19.0": 0.72848383,
    "t_20.0": 0.7545354
  },
  "mass_mean_t0": -0.003934,
  "mass_mean_tmax": 0.000627,
  "mass_drift": 0.00670991
}