{
  "experiment": "V3_I_power_2",
  "optimizer": "SSBroyden2",
  "adam_epochs": 1000,
  "bfgs_iters": 50000,
  "adam_time_s": 269.53,
  "bfgs_time_s": 19493.01,
  "total_time_s": 19762.54,
  "final_adam_loss": 0.03053902262685226,
  "final_bfgs_loss": 2.339317692842973e-05,
  "n_params": 1361,
  "l2_rel_error_overall": 0.3900742707775858,
  "l2_rel_error_per_t": [
    0.13658350211840453,
    0.30429669906214474,
    0.4103344685078893,
    0.4506469112944537,
    0.459193112245439,
    0.4540015374448974,
    0.4445331829274448,
    0.4354827816169909,
    0.4289256129178262,
    0.42557177168417587,
    0.4254900604796078,
    0.4285040137624229,
    0.4343889286823769,
    0.4429562103897557,
    0.4540804320276142,
    0.4677012655935221,
    0.4838166219274083,
    0.5024740094620511,
    0.5237624604799661,
    0.5478055090836651,
    0.5747552213612666
  ],
  "l2_eval_times": [
    0.0,
    1.0,
    2.0,
    3.0,
    4.0,
    5.0,
    6.0,
    7.0,
    8.0,
    9.0,
    10.0,
    11.0,
    12.0,
    13.0,
    14.0,
    15.0,
    16.0,
    17.0,
    18.0,
    19.0,
    20.0
  ],
  "l2_threshold": 0.5,
  "iters_to_l2_rel_threshold": 6000,
  "threshold_cross_phase": "SSBroyden2",
  "l2_rel_curve": [
    0.9934882274694329,
    3.466295054404723,
    1.133129100719414,
    0.6878840428513303,
    0.7372235956503794,
    0.6499953176018576,
    0.5947595118148096,
    0.5872783149441696,
    0.5368400932492671,
    0.54957321755408,
    0.5480521402048839,
    0.4884518188117057,
    0.4709441492612869,
    0.451481162856068,
    0.4901989002918418,
    0.4527928538392797,
    0.47909904798900876,
    0.47612333679398877,
    0.43259835719952666,
    0.4429190253944108,
    0.49715347846731806,
    0.446047714355798,
    0.46752532035913463,
    0.4292120306476239,
    0.424786073072468,
    0.4533709009082982,
    0.4386486890732347,
    0.45329157142500454,
    0.424717538836258,
    0.43194872712373605,
    0.45405944362991413,
    0.4187907194937966,
    0.44956852338294934,
    0.43394881180679384,
    0.4664110042767988,
    0.42413962754053103,
    0.4578873701354769,
    0.4041177341959668,
    0.42593132667789674,
    0.4331511972659274,
    0.4387600413784045,
    0.4256390777489204,
    0.4208022157482356,
    0.4033473869874429,
    0.4476730450816384,
    0.4309367590679947,
    0.4110526058713465,
    0.42486881906518364,
    0.3956660170416626,
    0.4162372515694065,
    0.45872059390727643,
    0.4376404968479373,
    0.44648922419690246,
    0.41226351806066175,
    0.4237207203635427,
    0.4104878382411073,
    0.4189752318964896,
    0.4121258882342769,
    0.42629556439929955,
    0.44098469446677385,
    0.3991283473103619,
    0.42452863985489087,
    0.42711707728924503,
    0.4081432014318872,
    0.44885931986487315,
    0.41108390521674054,
    0.4325649845199636,
    0.4011928029557345,
    0.3957862141366169,
    0.39978001418379033,
    0.42490905071723395,
    0.4001954871545521,
    0.4096391279590284,
    0.40190514285786344,
    0.4186342928958496,
    0.41975446782156906,
    0.42500859049229245,
    0.40375106100437214,
    0.4132582195940037,
    0.4220906736681737,
    0.3857842288206825,
    0.40270522853538826,
    0.406637620196589,
    0.3831930642557342,
    0.3910199356211078,
    0.3928717626442002,
    0.4178322395725077,
    0.3827166763518093,
    0.3743984717032388,
    0.4170280513542929,
    0.38730335701931007,
    0.4395985172800022,
    0.3911476436003595,
    0.3860272275484322,
    0.39963372496610644,
    0.38490400506522743,
    0.39429158935502956,
    0.40386227043263806,
    0.3970950660352705,
    0.37846882077715893,
    0.39168980547966953,
    0.3900742707775858
  ],
  "l2_error_overall": 0.39007427,
  "l2_error_per_t": {
    "t_0.0": 0.1365835,
    "t_1.0": 0.3042967,
    "t_2.0": 0.41033447,
    "t_3.0": 0.45064691,
    "t_4.0": 0.45919311,
    "t_5.0": 0.45400154,
    "t_6.0": 0.44453318,
    "t_7.0": 0.43548278,
    "t_8.0": 0.42892561,
    "t_9.0": 0.42557177,
    "t_10.0": 0.42549006,
    "t_11.0": 0.42850401,
    "t_12.0": 0.43438893,
    "t_13.0": 0.44295621,
    "t_14.0": 0.45408043,
    "t_15.0": 0.46770127,
    "t_16.0": 0.48381662,
    "t_17.0": 0.50247401,
    "t_18.0": 0.52376246,
    "t_19.0": 0.54780551,
    "t_20.0": 0.57475522
  },
  "mass_mean_t0": -0.00336,
  "mass_mean_tmax": -0.003976,
  "mass_drift": 0.001063
}