{
  "experiment": "H2_rad_k1_2p0",
  "optimizer": "SSBroyden2",
  "adam_epochs": 1000,
  "bfgs_iters": 50000,
  "adam_time_s": 662.54,
  "bfgs_time_s": 39980.77,
  "total_time_s": 40643.31,
  "final_adam_loss": 0.03226296869702753,
  "final_bfgs_loss": 805384373.0459087,
  "n_params": 1361,
  "l2_rel_error_overall": 3.9151096969399166,
  "l2_rel_error_per_t": [
    2.4505781156690065,
    2.7913170477585054,
    3.048983901705018,
    3.3082579253732556,
    3.535648830501086,
    3.7250498005701034,
    3.910505321315446,
    4.05753357130497,
    4.150534526966567,
    4.254309459745057,
    4.399860115551545,
    4.570410779872423,
    4.704209322156183,
    4.788490712491514,
    4.911296019587927,
    5.077491393589546,
    5.264574570736625,
    5.367508696030367,
    5.464646311683338,
    5.54789816634451,
    5.6191062757189325
  ],
  "l2_eval_times": [
    0.0,
    0.5,
    1.0,
    1.5,
    2.0,
    2.5,
    3.0,
    3.5,
    4.0,
    4.5,
    5.0,
    5.5,
    6.0,
    6.5,
    7.0,
    7.5,
    8.0,
    8.5,
    9.0,
    9.5,
    10.0
  ],
  "l2_threshold": 0.5,
  "iters_to_l2_rel_threshold": null,
  "threshold_cross_phase": null,
  "l2_rel_curve": [
    1.1514936148174393,
    0.9957662409900023,
    1.0154418365005122,
    0.9911958926379747,
    0.9785771552044163,
    1.7532842420461108,
    1.0297165049236363,
    1.0310334704561006,
    1.0436747077819695,
    0.9744714501069515,
    1.5575039275437452,
    0.9845301675487941,
    0.9884305033170633,
    0.9698416493111075,
    0.9640199631338517,
    0.978006673009264,
    1.0437455571784549,
    1.2664170139935207,
    1.0751079586013108,
    1.1169035811355768,
    1.090688467983886,
    1.0885974376044818,
    1.118426864890946,
    0.98954361688567,
    0.9884532708624738,
    0.9939626783356758,
    0.9887900990238342,
    1.0025610220090182,
    1.0170397596246223,
    0.9894111260567222,
    1.0009537205490915,
    0.9926623267347352,
    0.9892999808479722,
    0.991314756173464,
    0.9911321593216658,
    0.9899726911755665,
    0.9903427816184676,
    0.9905749327583484,
    0.9886894779077463,
    0.9913601589569166,
    0.9921023506001347,
    1.002872519436194,
    0.9914295379890318,
    0.9982503576386087,
    0.9920976959004847,
    1.0086790145854279,
    1.0905867175123891,
    1.0167413793912874,
    0.9887241804936763,
    0.9882505269382886,
    0.9904663293381607,
    0.9924414211318736,
    0.9906376401408109,
    0.98959468526621,
    0.9953655830148419,
    0.9927725175051265,
    0.9902469091589023,
    0.9884551346849221,
    1.1242155114053913,
    1.0608572903732516,
    1.0447604371762391,
    1.0095734666092893,
    0.99107628338194,
    0.9895693283841624,
    0.989370964355324,
    0.9897217409461782,
    1.0604224473737445,
    0.9954776831461539,
    2.9784188936175005,
    3.9477545276409103,
    4.415673938453181,
    5.871648739502103,
    13.2434740113695,
    14.840063160064863,
    13.63830612232913,
    12.704252982905668,
    12.826129971283942,
    9.970152015200068,
    10.11215284237726,
    10.437624771687181,
    9.826163509202475,
    7.32314388590773,
    6.289441530762856,
    6.569427273716062,
    6.391267810570377,
    6.537115232565275,
    6.532931470842241,
    6.77919041643751,
    6.754238132038269,
    5.350588366958871,
    3.8106856043260193,
    3.104463385434626,
    3.139924180961436,
    3.1787382333587,
    3.1332267867154964,
    2.7648117148020876,
    3.903068751496058,
    4.382882395473531,
    3.431057764121436,
    4.329630293295571,
    3.210500865436086,
    3.9151096969399166
  ],
  "l2_error_overall": 3.9151097,
  "l2_error_per_t": {
    "t_0.0": 2.45057812,
    "t_0.5": 2.79131705,
    "t_1.0": 3.0489839,
    "t_1.5": 3.30825793,
    "t_2.0": 3.53564883,
    "t_2.5": 3.7250498,
    "t_3.0": 3.91050532,
    "t_3.5": 4.05753357,
    "t_4.0": 4.15053453,
    "t_4.5": 4.25430946,
    "t_5.0": 4.39986012,
    "t_5.5": 4.57041078,
    "t_6.0": 4.70420932,
    "t_6.5": 4.78849071,
    "t_7.0": 4.91129602,
    "t_7.5": 5.07749139,
    "t_8.0": 5.26457457,
    "t_8.5": 5.3675087,
    "t_9.0": 5.46464631,
    "t_9.5": 5.54789817,
    "t_10.0": 5.61910628
  },
  "mass_mean_t0": 0.088879,
  "mass_mean_tmax": -0.089122,
  "mass_drift": 0.18845789
}