{
  "experiment": "V3_C_rad_k2_0p5",
  "optimizer": "SSBroyden2",
  "adam_epochs": 1000,
  "bfgs_iters": 50000,
  "adam_time_s": 301.17,
  "bfgs_time_s": 20428.09,
  "total_time_s": 20729.27,
  "final_adam_loss": 0.030423673143862417,
  "final_bfgs_loss": 5.737380764409034e-05,
  "n_params": 1361,
  "l2_rel_error_overall": 0.5459400681719156,
  "l2_rel_error_per_t": [
    0.161611547610844,
    0.32934398892724437,
    0.44364353153699465,
    0.49423660692157806,
    0.5180934850838842,
    0.5353426576787224,
    0.5552379449410523,
    0.5803332726623842,
    0.6098106357382256,
    0.6417803503413364,
    0.6744636327173918,
    0.7065771062672189,
    0.7373263531978077,
    0.7662784067723317,
    0.7932350586757484,
    0.818141913927868,
    0.8410317590723884,
    0.8619911909288352,
    0.8811404516134286,
    0.8986200352472011,
    0.9145807784310127
  ],
  "l2_eval_times": [
    0.0,
    1.0,
    2.0,
    3.0,
    4.0,
    5.0,
    6.0,
    7.0,
    8.0,
    9.0,
    10.0,
    11.0,
    12.0,
    13.0,
    14.0,
    15.0,
    16.0,
    17.0,
    18.0,
    19.0,
    20.0
  ],
  "l2_threshold": 0.5,
  "iters_to_l2_rel_threshold": null,
  "threshold_cross_phase": null,
  "l2_rel_curve": [
    1.4890089324134441,
    3.295491800656222,
    1.150998761871222,
    1.4043571364185834,
    0.8702517974608879,
    0.7951977879070523,
    0.7053531908567345,
    0.6770855305068963,
    0.7110037331474569,
    0.6780113481636966,
    0.7101966253518,
    0.723440840259549,
    0.6774868963372757,
    0.6702358119995845,
    0.6346518381666044,
    0.6504280774613037,
    0.6767289116894099,
    0.6742600853526413,
    0.6409028690842615,
    0.6704306522851058,
    0.6232873563825948,
    0.6375487816019229,
    0.6556537237108154,
    0.6625863228795225,
    0.6657158333376447,
    0.6231927166511991,
    0.6338494691811117,
    0.596430646307579,
    0.5738896237259353,
    0.5914725290731082,
    0.6101503368160014,
    0.599546567668854,
    0.6006967176144075,
    0.5862847251642997,
    0.5788628175467634,
    0.6353586656618944,
    0.5882321858180235,
    0.5759388606091924,
    0.5643290001301401,
    0.6072358790971719,
    0.5531639271664909,
    0.5751022987951818,
    0.5511800952735437,
    0.58800696797536,
    0.5911591641696775,
    0.5771458758242721,
    0.5427283546099974,
    0.5744469904108294,
    0.6112834811731502,
    0.5933766356567636,
    0.5621668376836156,
    0.5376113717009393,
    0.584088316527564,
    0.6093578461590218,
    0.5531221494301669,
    0.5455632069810867,
    0.5391746075480722,
    0.5542181990160545,
    0.5570020681101839,
    0.5601526476346427,
    0.5403476579492829,
    0.5748822418095126,
    0.5289593605744267,
    0.534384196532451,
    0.5626371838173132,
    0.5702269538149466,
    0.5335409850171794,
    0.6180523892071533,
    0.5503817785652514,
    0.5316549613957672,
    0.5530382132205229,
    0.5863232080986196,
    0.539052424658995,
    0.5299751888041614,
    0.5457933898087095,
    0.5582052154142257,
    0.518189720971939,
    0.5159875162934491,
    0.573826486796561,
    0.5360407364428927,
    0.5503626938744073,
    0.5352339463590668,
    0.5197906274003947,
    0.5265190665890228,
    0.5530455844793863,
    0.543158338681312,
    0.51298006349215,
    0.5554639764229576,
    0.5373240764459287,
    0.5598708041813476,
    0.5218734905272363,
    0.5379934582286233,
    0.5304722063189611,
    0.5176178376706574,
    0.5850958644414095,
    0.5351183247042514,
    0.5135581369457092,
    0.5260215480007362,
    0.5353722349964241,
    0.528109690658132,
    0.5758865022481052,
    0.5459400681719156
  ],
  "l2_error_overall": 0.54594007,
  "l2_error_per_t": {
    "t_0.0": 0.16161155,
    "t_1.0": 0.32934399,
    "t_2.0": 0.44364353,
    "t_3.0": 0.49423661,
    "t_4.0": 0.51809349,
    "t_5.0": 0.53534266,
    "t_6.0": 0.55523794,
    "t_7.0": 0.58033327,
    "t_8.0": 0.60981064,
    "t_9.0": 0.64178035,
    "t_10.0": 0.67446363,
    "t_11.0": 0.70657711,
    "t_12.0": 0.73732635,
    "t_13.0": 0.76627841,
    "t_14.0": 0.79323506,
    "t_15.0": 0.81814191,
    "t_16.0": 0.84103176,
    "t_17.0": 0.86199119,
    "t_18.0": 0.88114045,
    "t_19.0": 0.89862004,
    "t_20.0": 0.91458078
  },
  "mass_mean_t0": -0.00414,
  "mass_mean_tmax": 0.004325,
  "mass_drift": 0.00846478
}