{
  "experiment": "ssbroyden1_64",
  "optimizer": "SSBroyden1",
  "adam_epochs": 1000,
  "bfgs_iters": 50000,
  "adam_time_s": 344.33,
  "bfgs_time_s": 23374.59,
  "total_time_s": 23718.91,
  "final_adam_loss": 0.03042359037707529,
  "final_bfgs_loss": 1.1708612165760153e-05,
  "n_params": 1361,
  "mass_mean_t0": -0.00308,
  "mass_mean_tmax": -0.000592,
  "mass_drift": 0.00248828,
  "l2_error_per_t": {
    "t_0.0": 0.15085381,
    "t_5.0": 0.43955953,
    "t_10.0": 0.4361441,
    "t_15.0": 0.55702723,
    "t_20.0": 0.67553507
  },
  "l2_error_overall": 0.32928957
}