{
  "experiment": "V3_J_power_4",
  "optimizer": "SSBroyden2",
  "adam_epochs": 1000,
  "bfgs_iters": 50000,
  "adam_time_s": 293.1,
  "bfgs_time_s": 20838.74,
  "total_time_s": 21131.84,
  "final_adam_loss": 0.02972065730929714,
  "final_bfgs_loss": 1.771777179173961e-05,
  "n_params": 1361,
  "l2_rel_error_overall": 0.41411068322708083,
  "l2_rel_error_per_t": [
    0.12972997314960424,
    0.30885097425484775,
    0.4175609555344397,
    0.45738989661086316,
    0.4637356466761631,
    0.45617161195614203,
    0.44573612699348625,
    0.43831157586720587,
    0.43651037250420033,
    0.4408977666507802,
    0.4508809181990412,
    0.46535732612472597,
    0.4831354095017029,
    0.5031567518278751,
    0.524578735530026,
    0.5467785812791643,
    0.5693229342307403,
    0.5919280318893257,
    0.6144219945109431,
    0.6367132848499015,
    0.658765891305813
  ],
  "l2_eval_times": [
    0.0,
    1.0,
    2.0,
    3.0,
    4.0,
    5.0,
    6.0,
    7.0,
    8.0,
    9.0,
    10.0,
    11.0,
    12.0,
    13.0,
    14.0,
    15.0,
    16.0,
    17.0,
    18.0,
    19.0,
    20.0
  ],
  "l2_threshold": 0.5,
  "iters_to_l2_rel_threshold": 7500,
  "threshold_cross_phase": "SSBroyden2",
  "l2_rel_curve": [
    1.44220130107044,
    1.0066074249740995,
    0.9105475565535707,
    0.8621859700031342,
    0.6781628720554302,
    0.6847186648119312,
    0.6137810390241457,
    0.5990905255672166,
    0.5757553727292037,
    0.5544011098199644,
    0.5832901982551706,
    0.5058239072339431,
    0.5397342607918161,
    0.529695995889777,
    0.465097420429338,
    0.4834992949534178,
    0.4917973659625466,
    0.5001022148012075,
    0.469481021192432,
    0.4992275794747213,
    0.48387481922309894,
    0.4596257230706517,
    0.4568726067763706,
    0.4701845479071525,
    0.4477998661224957,
    0.4675048874832473,
    0.49394133412190844,
    0.4658228406790115,
    0.46823558195756143,
    0.4621673729968121,
    0.44940203430269277,
    0.42969801021692816,
    0.47129847353790777,
    0.4316310810275941,
    0.4519967170915707,
    0.4367057536344343,
    0.4687129617545695,
    0.4528213498563774,
    0.45623759843688494,
    0.450964581997937,
    0.45129079763943847,
    0.4274121262307703,
    0.4374000671698768,
    0.4440474323445255,
    0.4413771547805285,
    0.43937432376131164,
    0.4265556902583929,
    0.4796169732280111,
    0.4492674725989771,
    0.43673267987794173,
    0.4419300397000751,
    0.4366306584346637,
    0.45153019101932823,
    0.44409360705306933,
    0.43250842841985304,
    0.43645943930275183,
    0.44340901329976834,
    0.4373880164543799,
    0.445029161609655,
    0.42771750885437837,
    0.42385696246652627,
    0.4365160854384773,
    0.4363624246729796,
    0.41877748486224275,
    0.44528039225470306,
    0.43562414349825795,
    0.42104468042824955,
    0.4275307622177204,
    0.4235061401769545,
    0.42425356846001117,
    0.4225353549546056,
    0.4386743295348139,
    0.4163871878944727,
    0.4306709798564192,
    0.4285233745617686,
    0.43071937819099493,
    0.41959194413373047,
    0.40406388823849737,
    0.43409006272974515,
    0.41142424553021256,
    0.4389918053351497,
    0.42499326252346514,
    0.41345215725855433,
    0.4233087227100168,
    0.4204575217597462,
    0.4149496040357366,
    0.4269567554649113,
    0.42820449712464104,
    0.42571711653604194,
    0.4400228091014865,
    0.4217203572203058,
    0.43209314494873313,
    0.4131441730268446,
    0.4225444409279454,
    0.43113417356287176,
    0.4287366631523179,
    0.42810774652218525,
    0.42019959121150663,
    0.4387949317262573,
    0.4208364208777837,
    0.4446253540335778,
    0.41411068322708083
  ],
  "l2_error_overall": 0.41411068,
  "l2_error_per_t": {
    "t_0.0": 0.12972997,
    "t_1.0": 0.30885097,
    "t_2.0": 0.41756096,
    "t_3.0": 0.4573899,
    "t_4.0": 0.46373565,
    "t_5.0": 0.45617161,
    "t_6.0": 0.44573613,
    "t_7.0": 0.43831158,
    "t_8.0": 0.43651037,
    "t_9.0": 0.44089777,
    "t_10.0": 0.45088092,
    "t_11.0": 0.46535733,
    "t_12.0": 0.48313541,
    "t_13.0": 0.50315675,
    "t_14.0": 0.52457874,
    "t_15.0": 0.54677858,
    "t_16.0": 0.56932293,
    "t_17.0": 0.59192803,
    "t_18.0": 0.61442199,
    "t_19.0": 0.63671328,
    "t_20.0": 0.65876589
  },
  "mass_mean_t0": -0.004383,
  "mass_mean_tmax": 0.001477,
  "mass_drift": 0.00586005
}