{
  "experiment": "H4_rad_k2_2p0",
  "optimizer": "SSBroyden2",
  "adam_epochs": 1000,
  "bfgs_iters": 50000,
  "adam_time_s": 494.3,
  "bfgs_time_s": 30144.64,
  "total_time_s": 30638.94,
  "final_adam_loss": 0.03095114546064231,
  "final_bfgs_loss": 0.00026792143435606903,
  "n_params": 1361,
  "l2_rel_error_overall": 0.8110214229406006,
  "l2_rel_error_per_t": [
    0.6452173420189357,
    0.6678065483762297,
    0.7162109336689301,
    0.7629742252835521,
    0.8018946752913865,
    0.8324427178122478,
    0.855634173915471,
    0.8728217337329026,
    0.8853170416310844,
    0.8942737503224494,
    0.9006607101689567,
    0.9052678259077367,
    0.9087233808978706,
    0.9115146880294037,
    0.9140089205438341,
    0.916472866161345,
    0.9190910420345417,
    0.9219818883583242,
    0.9252119206095064,
    0.928807847945333,
    0.9327667648684623
  ],
  "l2_eval_times": [
    0.0,
    0.5,
    1.0,
    1.5,
    2.0,
    2.5,
    3.0,
    3.5,
    4.0,
    4.5,
    5.0,
    5.5,
    6.0,
    6.5,
    7.0,
    7.5,
    8.0,
    8.5,
    9.0,
    9.5,
    10.0
  ],
  "l2_threshold": 0.5,
  "iters_to_l2_rel_threshold": null,
  "threshold_cross_phase": null,
  "l2_rel_curve": [
    1.0075104841563378,
    0.9982229484665625,
    0.9760501804640986,
    0.9865168622269656,
    0.9358545758971564,
    0.9349760533274986,
    0.8739972970574047,
    0.9041069803633217,
    0.9162622279294104,
    0.9332459086653748,
    0.8663036694505359,
    0.8939937330357519,
    0.9280127111496841,
    0.9333182866904328,
    0.8798967333338826,
    0.9443321879788011,
    0.929852176122153,
    0.8169433909595741,
    0.9139085110643853,
    0.9807821553425621,
    0.8451121089771121,
    0.8134343713206892,
    0.7957746713138603,
    0.8278339366693701,
    0.7909352636351177,
    0.7684499161878019,
    0.7641824971258481,
    0.8382409095333726,
    0.892762010934322,
    0.7812543489819568,
    0.8029077887066318,
    0.8385219402479086,
    0.8187744230982699,
    0.7823771036687637,
    0.7456668835606631,
    0.7926791151484726,
    0.7742575554433551,
    0.8349867850747277,
    0.7878961830438483,
    0.779063247654877,
    0.8273373575286616,
    0.818360119259281,
    0.7783019713584574,
    0.8304119006628848,
    0.8909648439039024,
    0.8281282079123954,
    0.7790242334321829,
    0.7841828409158014,
    0.7840550082801419,
    0.819531208228407,
    0.7852717449893873,
    0.7992687535249693,
    0.8394265258157817,
    0.756122122072211,
    0.8478442550724266,
    0.7816177360979295,
    0.7986910318097975,
    0.8462312679023416,
    0.8084115050534192,
    0.7858478425094156,
    0.8055346658381053,
    0.7690867379414436,
    0.8053079853796509,
    0.8501900211546506,
    0.7233902366125762,
    0.7805586928999431,
    0.7891048984619999,
    0.8902415913491216,
    0.7962114654791876,
    0.801452487780194,
    0.8319703712837853,
    0.789716226279985,
    0.7861732717149297,
    0.8217537876368368,
    0.8539874395224827,
    0.8175697008773348,
    0.8273858545755641,
    0.7817255755112079,
    0.7762929173924379,
    0.7538008907312301,
    0.8627407761191167,
    0.8181798322931317,
    0.7735765524330106,
    0.8304720656890069,
    0.8192820771318211,
    0.7850130036743272,
    0.8137161719020859,
    0.7883451635820965,
    0.8107287522323753,
    0.7855676493675107,
    0.7750274392591222,
    0.8099619973207802,
    0.7922722939249192,
    0.7797290952474063,
    0.8255971590810781,
    0.7797447696682387,
    0.7407228831880569,
    0.7944824227869866,
    0.8132746943496855,
    0.8048955562099822,
    0.8101827337649624,
    0.8110214229406006
  ],
  "l2_error_overall": 0.81102142,
  "l2_error_per_t": {
    "t_0.0": 0.64521734,
    "t_0.5": 0.66780655,
    "t_1.0": 0.71621093,
    "t_1.5": 0.76297423,
    "t_2.0": 0.80189468,
    "t_2.5": 0.83244272,
    "t_3.0": 0.85563417,
    "t_3.5": 0.87282173,
    "t_4.0": 0.88531704,
    "t_4.5": 0.89427375,
    "t_5.0": 0.90066071,
    "t_5.5": 0.90526783,
    "t_6.0": 0.90872338,
    "t_6.5": 0.91151469,
    "t_7.0": 0.91400892,
    "t_7.5": 0.91647287,
    "t_8.0": 0.91909104,
    "t_8.5": 0.92198189,
    "t_9.0": 0.92521192,
    "t_9.5": 0.92880785,
    "t_10.0": 0.93276676
  },
  "mass_mean_t0": -0.009193,
  "mass_mean_tmax": -0.016318,
  "mass_drift": 0.0071251
}