{
  "experiment": "V3_J_power_4",
  "optimizer": "SSBroyden2",
  "adam_epochs": 1000,
  "bfgs_iters": 50000,
  "adam_time_s": 330.21,
  "bfgs_time_s": 32577.26,
  "total_time_s": 32907.47,
  "final_adam_loss": 0.03042360530420233,
  "final_bfgs_loss": 1.750665440307657e-05,
  "n_params": 1361,
  "l2_rel_error_overall": 0.43253507052072904,
  "l2_rel_error_per_t": [
    0.1474541745016768,
    0.3160956169132263,
    0.4186203045370405,
    0.4548860172561135,
    0.4601269221145315,
    0.45370514917218935,
    0.446247465677148,
    0.44317503740885894,
    0.4466513837043549,
    0.4568427292563861,
    0.4728416264088212,
    0.49332776282960056,
    0.5169729766840884,
    0.5426348805083415,
    0.569413493900883,
    0.5966382351272161,
    0.6238288347323866,
    0.6506524289467225,
    0.6768858762266726,
    0.7023857131807683,
    0.7270653864697365
  ],
  "l2_eval_times": [
    0.0,
    1.0,
    2.0,
    3.0,
    4.0,
    5.0,
    6.0,
    7.0,
    8.0,
    9.0,
    10.0,
    11.0,
    12.0,
    13.0,
    14.0,
    15.0,
    16.0,
    17.0,
    18.0,
    19.0,
    20.0
  ],
  "l2_threshold": 0.5,
  "iters_to_l2_rel_threshold": 7500,
  "threshold_cross_phase": "SSBroyden2",
  "l2_rel_curve": [
    1.4890089099528807,
    3.296795562647541,
    1.0376543233032332,
    0.8048852232377405,
    0.6042027249443794,
    0.5810613546647645,
    0.5678378393471876,
    0.5677108592570387,
    0.5440078435777264,
    0.5511450821473921,
    0.5545766713506176,
    0.5313466620650534,
    0.5138350857587285,
    0.5330057012659317,
    0.49363104230974364,
    0.4988381131100551,
    0.49987518333019487,
    0.5032905905800031,
    0.4886705823973112,
    0.5076233008464053,
    0.48714931554075824,
    0.5337057473864979,
    0.48106646227663563,
    0.4881438674644641,
    0.4854708983494318,
    0.47170835296665176,
    0.4821680264533555,
    0.4902241252221641,
    0.4794888758784698,
    0.4811543392906399,
    0.45966125366846056,
    0.46974802411780575,
    0.47437852563526534,
    0.45383020302897725,
    0.48876439009918227,
    0.5015312992777783,
    0.453667255730549,
    0.4899170285959268,
    0.4373854649684428,
    0.4561270636951256,
    0.4847995148622963,
    0.45581693224014574,
    0.4507186586483323,
    0.4727273066687151,
    0.45745264242697314,
    0.47145764148811153,
    0.46544005252826015,
    0.4666276728342028,
    0.46512160390101825,
    0.4716700623095879,
    0.44078051861942175,
    0.4552165260828433,
    0.4599662232116238,
    0.44160556607170365,
    0.461160225316014,
    0.4472658084469665,
    0.4271426590364784,
    0.4768546831460798,
    0.45940523510941167,
    0.44425630569840574,
    0.43237239976561087,
    0.4430903474140085,
    0.4209598043607245,
    0.43516992669048593,
    0.43980815189001343,
    0.48443457509524857,
    0.4300865718214625,
    0.4286641816904357,
    0.4298929065906951,
    0.43895948611964675,
    0.46009687978827696,
    0.4647454074624863,
    0.44997710758629267,
    0.4361115103760456,
    0.42808731878036244,
    0.43564670102705894,
    0.4266612437528841,
    0.42491803506710774,
    0.4483452023283086,
    0.4394981932580557,
    0.4146769769158394,
    0.4487881357009141,
    0.4255712577593936,
    0.4267073031090546,
    0.4383121418017011,
    0.43154716272077137,
    0.4332525569070785,
    0.44212908124273037,
    0.4304392550454319,
    0.44977439823943216,
    0.4178739891976987,
    0.45793689969127643,
    0.41144707501478606,
    0.42464094753585174,
    0.4542207893150687,
    0.4372273154771739,
    0.43446039771472506,
    0.4354359561414749,
    0.4376621829904213,
    0.415727542272771,
    0.44770407544966734,
    0.43253507052072904
  ],
  "l2_error_overall": 0.43253507,
  "l2_error_per_t": {
    "t_0.0": 0.14745417,
    "t_1.0": 0.31609562,
    "t_2.0": 0.4186203,
    "t_3.0": 0.45488602,
    "t_4.0": 0.46012692,
    "t_5.0": 0.45370515,
    "t_6.0": 0.44624747,
    "t_7.0": 0.44317504,
    "t_8.0": 0.44665138,
    "t_9.0": 0.45684273,
    "t_10.0": 0.47284163,
    "t_11.0": 0.49332776,
    "t_12.0": 0.51697298,
    "t_13.0": 0.54263488,
    "t_14.0": 0.56941349,
    "t_15.0": 0.59663824,
    "t_16.0": 0.62382883,
    "t_17.0": 0.65065243,
    "t_18.0": 0.67688588,
    "t_19.0": 0.70238571,
    "t_20.0": 0.72706539
  },
  "mass_mean_t0": -0.004017,
  "mass_mean_tmax": 0.001765,
  "mass_drift": 0.00609105
}