{
  "experiment": "V3_K_power4_combined",
  "optimizer": "SSBroyden2",
  "adam_epochs": 1000,
  "bfgs_iters": 50000,
  "adam_time_s": 814.37,
  "bfgs_time_s": 54658.4,
  "total_time_s": 55472.77,
  "final_adam_loss": 0.0314613460386181,
  "final_bfgs_loss": 2.8936479638018693e-05,
  "n_params": 1361,
  "l2_rel_error_overall": 0.40062086364194904,
  "l2_rel_error_per_t": [
    0.0482734792777608,
    0.29608676158542635,
    0.40142524731496143,
    0.43364323313603936,
    0.43232762280476666,
    0.4184022793155929,
    0.40382257696055396,
    0.395247440856294,
    0.39568339814885417,
    0.4054808779867249,
    0.4233128441110241,
    0.4471385046445954,
    0.4749048078982275,
    0.5048928767062798,
    0.5358041209762804,
    0.5667193556613132,
    0.5970192007577472,
    0.6263061340504741,
    0.6543410704286996,
    0.6809956378096722,
    0.7062175653375761
  ],
  "l2_eval_times": [
    0.0,
    1.0,
    2.0,
    3.0,
    4.0,
    5.0,
    6.0,
    7.0,
    8.0,
    9.0,
    10.0,
    11.0,
    12.0,
    13.0,
    14.0,
    15.0,
    16.0,
    17.0,
    18.0,
    19.0,
    20.0
  ],
  "l2_threshold": 0.5,
  "iters_to_l2_rel_threshold": 4500,
  "threshold_cross_phase": "SSBroyden2",
  "l2_rel_curve": [
    1.4896029053897089,
    1.0068688763214073,
    0.9151405537950629,
    0.7483999023542084,
    0.5957933781375359,
    0.5317650790736946,
    0.5442547543849392,
    0.5021983783693212,
    0.4853119846702959,
    0.4669386177573296,
    0.45614763117491514,
    0.47387006661848474,
    0.45992081419669356,
    0.4752834543927146,
    0.432767200694118,
    0.46052871181795174,
    0.44046201782228506,
    0.4522834888406333,
    0.44069796847407844,
    0.43326997575327714,
    0.44442621476250727,
    0.43383518929454346,
    0.42990548233783876,
    0.43059294526932346,
    0.4316578957436253,
    0.4150515981134948,
    0.41612261414446144,
    0.41086233358667984,
    0.4222837820030039,
    0.41389650951747553,
    0.4230819835285202,
    0.407563989686243,
    0.4321828744661854,
    0.40049406581093877,
    0.4308107496175461,
    0.4034115150817637,
    0.41680512274458154,
    0.4034975733696483,
    0.4197993794452033,
    0.41983547971954815,
    0.410212053045928,
    0.4093965839295006,
    0.407313017524191,
    0.394579728491678,
    0.41826509965235364,
    0.40093781807255785,
    0.40306604940537316,
    0.40540642153337053,
    0.39394552492306545,
    0.40361784842207526,
    0.4095082721898264,
    0.4019792661246813,
    0.4093911328323078,
    0.4038793496355005,
    0.398665183283142,
    0.40962622339734295,
    0.39582413972879227,
    0.39183394935206334,
    0.40247733980693284,
    0.3982702389435372,
    0.4028083695317923,
    0.4032598206632888,
    0.4016574631441561,
    0.3943710632018267,
    0.3990528517865055,
    0.3978849391320873,
    0.4050187949011978,
    0.39812743574727194,
    0.4078264797220229,
    0.4110434941239468,
    0.39622054458262984,
    0.4111946242884305,
    0.39302650459674604,
    0.41359949741101715,
    0.3947943718203045,
    0.41072960762262434,
    0.3971989124037464,
    0.4099670585175817,
    0.40349239747749027,
    0.407125730738649,
    0.401723812459434,
    0.40946834694130785,
    0.4088631336820719,
    0.4068558068032836,
    0.40327515586422574,
    0.4062884949359244,
    0.40273742624365255,
    0.40170308758410367,
    0.40743398702010547,
    0.39861110653592347,
    0.40424996977377153,
    0.3920063872422231,
    0.4011948012155309,
    0.39559303674300733,
    0.3996610180701891,
    0.3945923311906257,
    0.3966492713446058,
    0.4035080495784286,
    0.40491774942697334,
    0.4035676405967046,
    0.39713406812420177,
    0.40062086364194904
  ],
  "l2_error_overall": 0.40062086,
  "l2_error_per_t": {
    "t_0.0": 0.04827348,
    "t_1.0": 0.29608676,
    "t_2.0": 0.40142525,
    "t_3.0": 0.43364323,
    "t_4.0": 0.43232762,
    "t_5.0": 0.41840228,
    "t_6.0": 0.40382258,
    "t_7.0": 0.39524744,
    "t_8.0": 0.3956834,
    "t_9.0": 0.40548088,
    "t_10.0": 0.42331284,
    "t_11.0": 0.4471385,
    "t_12.0": 0.47490481,
    "t_13.0": 0.50489288,
    "t_14.0": 0.53580412,
    "t_15.0": 0.56671936,
    "t_16.0": 0.5970192,
    "t_17.0": 0.62630613,
    "t_18.0": 0.65434107,
    "t_19.0": 0.68099564,
    "t_20.0": 0.70621757
  },
  "mass_mean_t0": -0.003879,
  "mass_mean_tmax": 0.000607,
  "mass_drift": 0.00523006
}