{
  "experiment": "V3_C_rad_k2_0p5",
  "optimizer": "SSBroyden2",
  "adam_epochs": 1000,
  "bfgs_iters": 50000,
  "adam_time_s": 294.55,
  "bfgs_time_s": 20407.91,
  "total_time_s": 20702.45,
  "final_adam_loss": 0.02972165097358567,
  "final_bfgs_loss": 4.636781706465454e-05,
  "n_params": 1361,
  "l2_rel_error_overall": 0.40429958136644384,
  "l2_rel_error_per_t": [
    0.13896514715446534,
    0.2981142251543649,
    0.40362028330989663,
    0.44446274662025537,
    0.45526516455649385,
    0.4545838045222785,
    0.4520084275792973,
    0.45179776910578817,
    0.45514066008204934,
    0.4616800175967026,
    0.47048021165126025,
    0.48055584514435784,
    0.4911009443624381,
    0.5015483825008966,
    0.5115510249300899,
    0.520936407134612,
    0.5296593002270183,
    0.5377613001343927,
    0.5453393804489037,
    0.5525224801187247,
    0.5594543991454789
  ],
  "l2_eval_times": [
    0.0,
    1.0,
    2.0,
    3.0,
    4.0,
    5.0,
    6.0,
    7.0,
    8.0,
    9.0,
    10.0,
    11.0,
    12.0,
    13.0,
    14.0,
    15.0,
    16.0,
    17.0,
    18.0,
    19.0,
    20.0
  ],
  "l2_threshold": 0.5,
  "iters_to_l2_rel_threshold": 9500,
  "threshold_cross_phase": "SSBroyden2",
  "l2_rel_curve": [
    1.44220109213242,
    1.0023045605531742,
    1.6417225091257426,
    0.8815530745891116,
    0.750734758021096,
    0.6137929551821022,
    0.6617509979003634,
    0.545059167079029,
    0.5637023970341769,
    0.5891513461165513,
    0.545864271238001,
    0.5106780338438187,
    0.5136603364702034,
    0.5154144936182417,
    0.5269541335778846,
    0.5384398276072994,
    0.52238949209786,
    0.509126206042998,
    0.4721385245434035,
    0.5102024624245736,
    0.48314029049469315,
    0.5382352786001103,
    0.46199575423792894,
    0.502651818200237,
    0.46340627633978027,
    0.46636705547924423,
    0.4706865901312068,
    0.47169817098258576,
    0.49032043067168396,
    0.4374719109020509,
    0.4603310269961847,
    0.4635335060097188,
    0.43454771424206373,
    0.42642199731301017,
    0.46535404066918934,
    0.4588397871536857,
    0.4515882143448679,
    0.4339819420670545,
    0.45485751306540123,
    0.4843232417479814,
    0.47188996237373654,
    0.4380169776329946,
    0.4285819515564244,
    0.46211994028565484,
    0.43632151836406113,
    0.4823198623135345,
    0.4047314501417667,
    0.4440961481156719,
    0.4157527708998773,
    0.4617908447145764,
    0.4291773413285747,
    0.44686724739488065,
    0.42729171123755055,
    0.4218342847856875,
    0.3978581338305624,
    0.4411677343081626,
    0.448945364463981,
    0.440611500223651,
    0.4329514678827501,
    0.4182076276366396,
    0.4162595999063351,
    0.4225005110499602,
    0.4483494839637423,
    0.4084117652740443,
    0.4324739249084881,
    0.40590446089346016,
    0.4248596442084016,
    0.39972771287354153,
    0.45642085542061056,
    0.4152470334400172,
    0.4129357189302346,
    0.4126649282169744,
    0.43226427854769134,
    0.43380093392266356,
    0.4339733220306934,
    0.44374330875602036,
    0.43015866192205804,
    0.4228621436725578,
    0.4292920651269108,
    0.3741943093447385,
    0.43373242076981033,
    0.4047916309537525,
    0.4029167739839096,
    0.399595535649311,
    0.4297140091715989,
    0.40630514693496267,
    0.4056534852939857,
    0.403781307609338,
    0.4363020005619963,
    0.3830329918547184,
    0.43122331255582735,
    0.42150773054661267,
    0.4203462285970355,
    0.42004036149427476,
    0.4273472850418681,
    0.38811931326537147,
    0.44961715621715603,
    0.401547392688448,
    0.4108836173859636,
    0.3967256079513886,
    0.36739848508361767,
    0.40429958136644384
  ],
  "l2_error_overall": 0.40429958,
  "l2_error_per_t": {
    "t_0.0": 0.13896515,
    "t_1.0": 0.29811423,
    "t_2.0": 0.40362028,
    "t_3.0": 0.44446275,
    "t_4.0": 0.45526516,
    "t_5.0": 0.4545838,
    "t_6.0": 0.45200843,
    "t_7.0": 0.45179777,
    "t_8.0": 0.45514066,
    "t_9.0": 0.46168002,
    "t_10.0": 0.47048021,
    "t_11.0": 0.48055585,
    "t_12.0": 0.49110094,
    "t_13.0": 0.50154838,
    "t_14.0": 0.51155102,
    "t_15.0": 0.52093641,
    "t_16.0": 0.5296593,
    "t_17.0": 0.5377613,
    "t_18.0": 0.54533938,
    "t_19.0": 0.55252248,
    "t_20.0": 0.5594544
  },
  "mass_mean_t0": -0.00351,
  "mass_mean_tmax": -0.003383,
  "mass_drift": 0.00117939
}