{
  "experiment": "V3_A_nint_16k",
  "optimizer": "SSBroyden2",
  "adam_epochs": 1000,
  "bfgs_iters": 50000,
  "adam_time_s": 850.21,
  "bfgs_time_s": 47076.43,
  "total_time_s": 47926.63,
  "final_adam_loss": 0.03196493201818737,
  "final_bfgs_loss": 4.178826634796804e-05,
  "n_params": 1361,
  "l2_rel_error_overall": 0.4768617079593517,
  "l2_rel_error_per_t": [
    0.12530225703439604,
    0.3015330524832515,
    0.40967259422418983,
    0.45169440654809234,
    0.4648242016346944,
    0.46943245649754983,
    0.4757408762162115,
    0.4877257799454925,
    0.5058580414254531,
    0.5290327293824489,
    0.5557523603314797,
    0.5846938667396215,
    0.6148821665062374,
    0.6456739924491574,
    0.6766778623124831,
    0.7076685807403773,
    0.7385168326646135,
    0.7691385822025039,
    0.7994637637013112,
    0.8294218254983432,
    0.8589401818881088
  ],
  "l2_eval_times": [
    0.0,
    1.0,
    2.0,
    3.0,
    4.0,
    5.0,
    6.0,
    7.0,
    8.0,
    9.0,
    10.0,
    11.0,
    12.0,
    13.0,
    14.0,
    15.0,
    16.0,
    17.0,
    18.0,
    19.0,
    20.0
  ],
  "l2_threshold": 0.5,
  "iters_to_l2_rel_threshold": 28500,
  "threshold_cross_phase": "SSBroyden2",
  "l2_rel_curve": [
    1.404293127397822,
    1.3289472684157961,
    0.9451059052591203,
    0.8962255003224452,
    0.7983509882511697,
    0.7418226493147121,
    0.7514662298229803,
    0.7307966270252794,
    0.6987310659218702,
    0.6538490028316152,
    0.6787936745708649,
    0.6964133469749496,
    0.6088938655769915,
    0.6356046753769775,
    0.594558211406511,
    0.6071210171564551,
    0.6054319443559699,
    0.5953352614711106,
    0.590990122477323,
    0.6599700625693165,
    0.5729508736320112,
    0.5770054301972463,
    0.5402930468378595,
    0.6428960849824514,
    0.6129028052634445,
    0.6274384305446353,
    0.5781428884359301,
    0.6343564945701846,
    0.5383247831278115,
    0.5891100302479783,
    0.5180508713444149,
    0.5563925380358292,
    0.5563294338998152,
    0.5635892299628431,
    0.5509985878281922,
    0.5537746961921585,
    0.5312244143997106,
    0.5753641154474738,
    0.5307347341329463,
    0.507234595783317,
    0.5442289819476254,
    0.5370871410290367,
    0.5229664392640266,
    0.520201552463967,
    0.5195913545411187,
    0.5129298916971329,
    0.5213895532388383,
    0.5235836572696763,
    0.5088329881008063,
    0.5062487077498655,
    0.5856433050034133,
    0.5066604303685106,
    0.5278708009832986,
    0.5521935046584489,
    0.5034673361604352,
    0.5257913805613927,
    0.4932147753343783,
    0.5584121118356633,
    0.4989395472153653,
    0.5184743965132931,
    0.5297995247600555,
    0.5270563894838451,
    0.4827119913454144,
    0.5226393855376374,
    0.5130029167512996,
    0.4940788646990688,
    0.49892319230660354,
    0.526502331005621,
    0.5030947042567491,
    0.5002043450475877,
    0.4644558295905129,
    0.5079616824138509,
    0.5141374527137299,
    0.4890256184361717,
    0.5024765656674233,
    0.4632172896666035,
    0.4892192253296517,
    0.512163404656251,
    0.4934087808492736,
    0.4722839771058507,
    0.4743931995068327,
    0.5002307986411071,
    0.4751451074920522,
    0.4754383815533594,
    0.514159994453369,
    0.49375424688085523,
    0.4912275369851785,
    0.4869166710559983,
    0.47850345971499575,
    0.4959629708633614,
    0.47056170537861414,
    0.4671587473710336,
    0.46998151615030614,
    0.4802715730017506,
    0.4895117954765124,
    0.465232080193963,
    0.4451400236287989,
    0.4797851280436156,
    0.4648013528482643,
    0.5115986316107638,
    0.4418259382684565,
    0.4768617079593517
  ],
  "l2_error_overall": 0.47686171,
  "l2_error_per_t": {
    "t_0.0": 0.12530226,
    "t_1.0": 0.30153305,
    "t_2.0": 0.40967259,
    "t_3.0": 0.45169441,
    "t_4.0": 0.4648242,
    "t_5.0": 0.46943246,
    "t_6.0": 0.47574088,
    "t_7.0": 0.48772578,
    "t_8.0": 0.50585804,
    "t_9.0": 0.52903273,
    "t_10.0": 0.55575236,
    "t_11.0": 0.58469387,
    "t_12.0": 0.61488217,
    "t_13.0": 0.64567399,
    "t_14.0": 0.67667786,
    "t_15.0": 0.70766858,
    "t_16.0": 0.73851683,
    "t_17.0": 0.76913858,
    "t_18.0": 0.79946376,
    "t_19.0": 0.82942183,
    "t_20.0": 0.85894018
  },
  "mass_mean_t0": -0.003664,
  "mass_mean_tmax": 0.007089,
  "mass_drift": 0.01075342
}