{
  "experiment": "F4_points_5k",
  "optimizer": "SSBroyden2",
  "adam_epochs": 1000,
  "bfgs_iters": 50000,
  "adam_time_s": 393.15,
  "bfgs_time_s": 23724.66,
  "total_time_s": 24117.8,
  "final_adam_loss": 0.029718596052940634,
  "final_bfgs_loss": 0.0007554240997488499,
  "n_params": 1361,
  "l2_rel_error_overall": 1.7808264584040219,
  "l2_rel_error_per_t": [
    1.0623763239182735,
    1.159876343121116,
    1.2650170065625839,
    1.3715243572456037,
    1.4767081101825226,
    1.579365285242708,
    1.6789797354534315,
    1.7753745587609504,
    1.8685471533186186,
    1.9585852280462934,
    2.045621743179031,
    2.129809932697798,
    2.2113092779460453,
    2.290277692459594,
    2.3668673127835342,
    2.4412224014164914,
    2.5134784804490726,
    2.5837621687793595,
    2.652191405984127,
    2.7188758742096026,
    2.7839175073441673
  ],
  "l2_eval_times": [
    0.0,
    0.5,
    1.0,
    1.5,
    2.0,
    2.5,
    3.0,
    3.5,
    4.0,
    4.5,
    5.0,
    5.5,
    6.0,
    6.5,
    7.0,
    7.5,
    8.0,
    8.5,
    9.0,
    9.5,
    10.0
  ],
  "l2_threshold": 0.5,
  "iters_to_l2_rel_threshold": null,
  "threshold_cross_phase": null,
  "l2_rel_curve": [
    1.0124987455839543,
    0.9880193004617318,
    1.182118659393467,
    1.5304080909827515,
    1.6022591330277853,
    1.4146948221053595,
    1.4827479939982553,
    1.4516733834685187,
    1.4443019430412087,
    1.5090745851073275,
    1.5735840884987284,
    1.4661152634216308,
    1.5176574330277985,
    1.4196790765837306,
    1.5420478823441837,
    1.5006006453717353,
    1.4511020990123462,
    1.4850678836348594,
    1.3791998952095579,
    1.4988338406185489,
    1.4259244269990943,
    1.4467309480383665,
    1.5284949559408,
    1.670780441526952,
    1.5305706609357443,
    1.3547044712354437,
    1.4706138684424455,
    1.5119969391731516,
    1.5113380314509406,
    1.4642700770993824,
    1.5299066663048198,
    1.6240323405127823,
    1.4570262541310088,
    1.525403826113082,
    1.5244816068462057,
    1.5150885621814407,
    1.543080039502948,
    1.5798310177770483,
    1.489531385156037,
    1.4779883971159442,
    1.4922954590313533,
    1.4675121833684253,
    1.4787050557948602,
    1.5456948314071997,
    1.536808407716728,
    1.4555083592301354,
    1.486741228886981,
    1.5304257070519223,
    1.517581992869138,
    1.5205758813924546,
    1.4583861612391418,
    1.4767076799947731,
    1.4329056987996793,
    1.4407083101517442,
    1.5289911559563507,
    1.509053646432794,
    1.4187961313811366,
    1.454090021033133,
    1.523998052535017,
    1.431795517402351,
    1.4906658455071655,
    1.4726692956456011,
    1.356712846375397,
    1.501390261383436,
    1.4512438060041992,
    1.4854344960470136,
    1.4519101135358625,
    1.4180330529096203,
    1.408975194155944,
    1.4622235184490193,
    1.4180845532184525,
    1.4214399872134573,
    1.5643965205174684,
    1.491079209542984,
    1.370944488056613,
    1.4237799170136016,
    1.5137839280723613,
    1.3524422784565473,
    1.5486452524734644,
    1.422248908632707,
    1.4592275597695028,
    1.5162631281272978,
    1.3795215078955243,
    1.4501740167549264,
    1.417592662422364,
    1.5120475099727064,
    1.4713934847294157,
    1.4966059319682385,
    1.4389343868081654,
    1.488197881744608,
    1.5921788012699902,
    1.5759975402027648,
    1.4775180746670187,
    1.5193035931101981,
    1.5639465917072348,
    1.5700326087929706,
    1.5605363896990834,
    1.5459148443079092,
    1.5843279870021856,
    1.4779322416571707,
    1.5144180386191075,
    1.7808264584040219
  ],
  "l2_error_overall": 1.78082646,
  "l2_error_per_t": {
    "t_0.0": 1.06237632,
    "t_0.5": 1.15987634,
    "t_1.0": 1.26501701,
    "t_1.5": 1.37152436,
    "t_2.0": 1.47670811,
    "t_2.5": 1.57936529,
    "t_3.0": 1.67897974,
    "t_3.5": 1.77537456,
    "t_4.0": 1.86854715,
    "t_4.5": 1.95858523,
    "t_5.0": 2.04562174,
    "t_5.5": 2.12980993,
    "t_6.0": 2.21130928,
    "t_6.5": 2.29027769,
    "t_7.0": 2.36686731,
    "t_7.5": 2.4412224,
    "t_8.0": 2.51347848,
    "t_8.5": 2.58376217,
    "t_9.0": 2.65219141,
    "t_9.5": 2.71887587,
    "t_10.0": 2.78391751
  },
  "mass_mean_t0": 0.002154,
  "mass_mean_tmax": 0.002269,
  "mass_drift": 0.0001148
}