{
  "experiment": "ssbroyden2_64",
  "optimizer": "SSBroyden2",
  "adam_epochs": 1000,
  "bfgs_iters": 50000,
  "adam_time_s": 353.62,
  "bfgs_time_s": 34652.31,
  "total_time_s": 35005.94,
  "final_adam_loss": 0.029720654714296472,
  "final_bfgs_loss": 9.1066408662385e-06,
  "n_params": 1361,
  "mass_mean_t0": -0.003803,
  "mass_mean_tmax": -0.003504,
  "mass_drift": 0.00086527,
  "l2_error_per_t": {
    "t_0.0": 0.15981757,
    "t_5.0": 0.46134725,
    "t_10.0": 0.46973803,
    "t_15.0": 0.58535892,
    "t_20.0": 0.69652636
  },
  "l2_error_overall": 0.34628811
}