{
  "experiment": "V3_B_nic_1k",
  "optimizer": "SSBroyden2",
  "adam_epochs": 1000,
  "bfgs_iters": 50000,
  "adam_time_s": 566.17,
  "bfgs_time_s": 31068.86,
  "total_time_s": 31635.02,
  "final_adam_loss": 0.03154905327846661,
  "final_bfgs_loss": 5.1422145277993035e-05,
  "n_params": 1361,
  "l2_rel_error_overall": 0.39955226578925107,
  "l2_rel_error_per_t": [
    0.05615165627977498,
    0.30531422322968477,
    0.4243945013520256,
    0.46880944941131125,
    0.47718398400560735,
    0.4698776546783146,
    0.457808594937487,
    0.44649721141425214,
    0.4384538821549507,
    0.43460392330845765,
    0.43508041279811616,
    0.4396359436029035,
    0.4478578650030443,
    0.4592948259206569,
    0.4735413259744605,
    0.49029401818226653,
    0.5093827099443022,
    0.5307788084952316,
    0.5545861846980694,
    0.5810207877308974,
    0.6103853984036898
  ],
  "l2_eval_times": [
    0.0,
    1.0,
    2.0,
    3.0,
    4.0,
    5.0,
    6.0,
    7.0,
    8.0,
    9.0,
    10.0,
    11.0,
    12.0,
    13.0,
    14.0,
    15.0,
    16.0,
    17.0,
    18.0,
    19.0,
    20.0
  ],
  "l2_threshold": 0.5,
  "iters_to_l2_rel_threshold": 10000,
  "threshold_cross_phase": "SSBroyden2",
  "l2_rel_curve": [
    1.1916745800475224,
    2.2877408946357556,
    1.3761112141762986,
    0.8804696617193484,
    1.0253683820854689,
    0.7403045572938467,
    0.6012067298564,
    0.6334780225075143,
    0.5996706132940173,
    0.6285012667001668,
    0.6178887715396768,
    0.5830739711776861,
    0.5829396486031421,
    0.5529608737417548,
    0.551123741367242,
    0.5530062917077728,
    0.50591117205464,
    0.5131350993666702,
    0.5322134848602617,
    0.48461314575420955,
    0.4731727657764101,
    0.5123468083293249,
    0.44746196560846346,
    0.4787202790570565,
    0.4774160752823236,
    0.44159498888414067,
    0.44431847541755176,
    0.4376467490878477,
    0.4756382104995658,
    0.46749573772885455,
    0.4345636306132151,
    0.4354321044878797,
    0.41417533425505426,
    0.41724948824383207,
    0.4571368322658726,
    0.42168177339231716,
    0.4375304021841236,
    0.4191065055009219,
    0.4180085991122671,
    0.441068526339186,
    0.41698057629226504,
    0.4403917943203978,
    0.4232646599087287,
    0.4090345588063476,
    0.4421392629316663,
    0.3955055328692115,
    0.4244564884592866,
    0.40163147160120266,
    0.4218482512550791,
    0.4121042480045027,
    0.4050993243295311,
    0.39865028441938244,
    0.4202179520051653,
    0.39740673701660945,
    0.39491577341315265,
    0.3914949343826257,
    0.3941505466917958,
    0.4524951670800009,
    0.39614389870255073,
    0.41767190421985023,
    0.39907999814270084,
    0.4164429330404317,
    0.4003476737061249,
    0.3969947304207407,
    0.4116087843182448,
    0.39806013373456667,
    0.41297514031262067,
    0.39314862885140145,
    0.3991676792597196,
    0.3917324406172579,
    0.4151576955758193,
    0.39338222105575543,
    0.3982245984083206,
    0.3809970756468754,
    0.4141308788662231,
    0.3989883796531606,
    0.3931691630456793,
    0.4090242462680143,
    0.39643901924654795,
    0.392723756248724,
    0.39960769359522774,
    0.41048245169947906,
    0.40139607807863587,
    0.3893007045671692,
    0.40450419892752115,
    0.39568515154228434,
    0.3794827621001144,
    0.4213691319081231,
    0.38434303360354205,
    0.4058300443095889,
    0.384144989115987,
    0.4119508575943851,
    0.3917051314091531,
    0.4148834840416496,
    0.4040113753737687,
    0.39137246325001435,
    0.4068417756189254,
    0.40637702554892874,
    0.38095004099566115,
    0.3953375693853578,
    0.3994191025324469,
    0.39955226578925107
  ],
  "l2_error_overall": 0.39955227,
  "l2_error_per_t": {
    "t_0.0": 0.05615166,
    "t_1.0": 0.30531422,
    "t_2.0": 0.4243945,
    "t_3.0": 0.46880945,
    "t_4.0": 0.47718398,
    "t_5.0": 0.46987765,
    "t_6.0": 0.45780859,
    "t_7.0": 0.44649721,
    "t_8.0": 0.43845388,
    "t_9.0": 0.43460392,
    "t_10.0": 0.43508041,
    "t_11.0": 0.43963594,
    "t_12.0": 0.44785787,
    "t_13.0": 0.45929483,
    "t_14.0": 0.47354133,
    "t_15.0": 0.49029402,
    "t_16.0": 0.50938271,
    "t_17.0": 0.53077881,
    "t_18.0": 0.55458618,
    "t_19.0": 0.58102079,
    "t_20.0": 0.6103854
  },
  "mass_mean_t0": -0.00382,
  "mass_mean_tmax": -0.002542,
  "mass_drift": 0.00127849
}