{
  "experiment": "V3_K_power4_combined",
  "optimizer": "SSBroyden2",
  "adam_epochs": 1000,
  "bfgs_iters": 50000,
  "adam_time_s": 650.55,
  "bfgs_time_s": 32530.03,
  "total_time_s": 33180.58,
  "final_adam_loss": 0.029221970478987835,
  "final_bfgs_loss": 7.371963863744298e-05,
  "n_params": 1361,
  "l2_rel_error_overall": 0.6489726776098212,
  "l2_rel_error_per_t": [
    0.06300740004430756,
    0.3843600085864385,
    0.5981562063893953,
    0.7281985917457616,
    0.8043679948298262,
    0.8442125900611387,
    0.8593850327572456,
    0.8579596398272819,
    0.8456714927683193,
    0.826702554788012,
    0.8042188063701354,
    0.7807575783670258,
    0.758524141971521,
    0.7396305629190836,
    0.7262855057731975,
    0.7209185697944122,
    0.7262027561395857,
    0.7449411094076038,
    0.7798277275186668,
    0.833168199453061,
    0.9066881833225993
  ],
  "l2_eval_times": [
    0.0,
    1.0,
    2.0,
    3.0,
    4.0,
    5.0,
    6.0,
    7.0,
    8.0,
    9.0,
    10.0,
    11.0,
    12.0,
    13.0,
    14.0,
    15.0,
    16.0,
    17.0,
    18.0,
    19.0,
    20.0
  ],
  "l2_threshold": 0.5,
  "iters_to_l2_rel_threshold": null,
  "threshold_cross_phase": null,
  "l2_rel_curve": [
    1.0082036741827978,
    1.50061185317526,
    1.3745925611245893,
    1.4902673066741459,
    1.446084533311793,
    1.298817840758942,
    1.1696282433937109,
    1.0355222526709758,
    0.9292605836171597,
    0.9046350980702637,
    0.851545398625085,
    0.8476108860079482,
    0.8286590928825072,
    0.8209269128544933,
    0.797286559967446,
    0.805434200139643,
    0.7650727330311853,
    0.774220438014239,
    0.7681875595696431,
    0.7515073492645227,
    0.7622002725585664,
    0.7324169448368325,
    0.7487211397523108,
    0.7368046390085358,
    0.7276799351202267,
    0.7237412737622485,
    0.7381927750285743,
    0.7286548674109699,
    0.7198356492450753,
    0.7188468316372987,
    0.7375665149708092,
    0.7222975972745673,
    0.7213990350463233,
    0.7162813021439969,
    0.7348329548456586,
    0.7168579677364327,
    0.7104178729008088,
    0.7001363872562353,
    0.7135928458360218,
    0.6960689392784831,
    0.7013964131522827,
    0.6894705457863632,
    0.6982008044394686,
    0.6948413715280685,
    0.7027050550331324,
    0.7019609986397481,
    0.6940840212324155,
    0.6797021427021862,
    0.6958580446692143,
    0.6752297283559299,
    0.6749419981626513,
    0.6779719414457663,
    0.6861201467055502,
    0.6810368166897748,
    0.6712158232160192,
    0.6794943952485323,
    0.681087175079703,
    0.688849976450706,
    0.6695724036462873,
    0.6859930527349981,
    0.6603351587921977,
    0.6714521260511321,
    0.6783036418348297,
    0.6762575986931849,
    0.6676777055406632,
    0.6834407201254307,
    0.6750719928666676,
    0.6862359887339802,
    0.6867105193719987,
    0.6643687330030928,
    0.6808713673515128,
    0.671665418674912,
    0.681989768855139,
    0.6563225925950105,
    0.6756169847005873,
    0.6742668136106381,
    0.6750748308277983,
    0.678804997262139,
    0.670836784123613,
    0.669184951045086,
    0.6628406277771898,
    0.6693353843697315,
    0.6706097278389002,
    0.6591939234297108,
    0.6815166627332592,
    0.6651865155221102,
    0.6793151649384254,
    0.6692450625390846,
    0.6673689880451479,
    0.6694503680977368,
    0.6679105782331592,
    0.6678066538129831,
    0.6677554258465693,
    0.6589007092185969,
    0.6713701155209713,
    0.6655550568032483,
    0.67371709295271,
    0.6520965752528846,
    0.6703499220720642,
    0.6516388110968274,
    0.6641432638569906,
    0.6489726776098212
  ],
  "l2_error_overall": 0.64897268,
  "l2_error_per_t": {
    "t_0.0": 0.0630074,
    "t_1.0": 0.38436001,
    "t_2.0": 0.59815621,
    "t_3.0": 0.72819859,
    "t_4.0": 0.80436799,
    "t_5.0": 0.84421259,
    "t_6.0": 0.85938503,
    "t_7.0": 0.85795964,
    "t_8.0": 0.84567149,
    "t_9.0": 0.82670255,
    "t_10.0": 0.80421881,
    "t_11.0": 0.78075758,
    "t_12.0": 0.75852414,
    "t_13.0": 0.73963056,
    "t_14.0": 0.72628551,
    "t_15.0": 0.72091857,
    "t_16.0": 0.72620276,
    "t_17.0": 0.74494111,
    "t_18.0": 0.77982773,
    "t_19.0": 0.8331682,
    "t_20.0": 0.90668818
  },
  "mass_mean_t0": -0.003848,
  "mass_mean_tmax": -0.003394,
  "mass_drift": 0.00088221
}