{
  "experiment": "lbfgs_64",
  "optimizer": "L-BFGS-B",
  "adam_epochs": 1000,
  "bfgs_iters": 50000,
  "adam_time_s": 455.09,
  "bfgs_time_s": 22636.97,
  "total_time_s": 23092.05,
  "final_adam_loss": 0.03053902615977564,
  "final_bfgs_loss": 0.0021412657117148314,
  "n_params": 1361,
  "mass_mean_t0": -0.005427,
  "mass_mean_tmax": -0.008422,
  "mass_drift": 0.00383634,
  "l2_error_per_t": {
    "t_0.0": 0.33122736,
    "t_5.0": 1.22228079,
    "t_10.0": 1.85580839,
    "t_15.0": 2.41402422,
    "t_20.0": 3.03296575
  },
  "l2_error_overall": 1.23771113
}