{
  "experiment": "bfgs_vanilla_64",
  "optimizer": "BFGS",
  "adam_epochs": 1000,
  "bfgs_iters": 50000,
  "adam_time_s": 482.87,
  "bfgs_time_s": 27321.68,
  "total_time_s": 27804.55,
  "final_adam_loss": 0.03053902615977564,
  "final_bfgs_loss": 5.646386022204034e-05,
  "n_params": 1361,
  "mass_mean_t0": -0.003331,
  "mass_mean_tmax": -0.001401,
  "mass_drift": 0.00192977,
  "l2_error_per_t": {
    "t_0.0": 0.15873174,
    "t_5.0": 0.50623271,
    "t_10.0": 0.57954216,
    "t_15.0": 0.68550228,
    "t_20.0": 0.79694452
  },
  "l2_error_overall": 0.39291018
}