{
  "experiment": "V3_E_batch_1000",
  "optimizer": "SSBroyden2",
  "adam_epochs": 1000,
  "bfgs_iters": 50000,
  "adam_time_s": 383.51,
  "bfgs_time_s": 23839.84,
  "total_time_s": 24223.35,
  "final_adam_loss": 0.03053902262685226,
  "final_bfgs_loss": 5.39848277754163e-05,
  "n_params": 1361,
  "l2_rel_error_overall": 0.49636628725994325,
  "l2_rel_error_per_t": [
    0.17694753037993116,
    0.3227419033753098,
    0.43312526664150064,
    0.482444807962744,
    0.5024059805697608,
    0.5112104726890461,
    0.5186059918766984,
    0.5291010477983219,
    0.5440783558870546,
    0.5632558506526045,
    0.585644281970876,
    0.6100993530640486,
    0.6355867056993734,
    0.6612755780023989,
    0.6865466496804661,
    0.7109649708159439,
    0.7342435891557084,
    0.7562088693644957,
    0.7767712383182634,
    0.7959019127536706,
    0.8136149720359085
  ],
  "l2_eval_times": [
    0.0,
    1.0,
    2.0,
    3.0,
    4.0,
    5.0,
    6.0,
    7.0,
    8.0,
    9.0,
    10.0,
    11.0,
    12.0,
    13.0,
    14.0,
    15.0,
    16.0,
    17.0,
    18.0,
    19.0,
    20.0
  ],
  "l2_threshold": 0.5,
  "iters_to_l2_rel_threshold": 38000,
  "threshold_cross_phase": "SSBroyden2",
  "l2_rel_curve": [
    0.9934882274694329,
    3.466295054404723,
    1.3308276237512406,
    0.9382737716552636,
    0.8154316104883745,
    0.7470389343307303,
    0.7619129622689673,
    0.7663348568975101,
    0.7162905037214298,
    0.6717883548088668,
    0.7067245409626841,
    0.6466495403607686,
    0.6827226889900766,
    0.6443965062004341,
    0.6293021534599712,
    0.595617465793501,
    0.6525618752599396,
    0.6264192077225575,
    0.639669060967228,
    0.5990497255620042,
    0.6352085058314334,
    0.6420577386906509,
    0.6055984446239007,
    0.5907205869444644,
    0.6939158103516426,
    0.662202742310375,
    0.5846150243300863,
    0.5610488300939733,
    0.6408068235621603,
    0.6064877311853759,
    0.5987184967098288,
    0.5676010596235889,
    0.6478092844930617,
    0.6135861765391248,
    0.5987394007990074,
    0.5674381974605389,
    0.6535507555241338,
    0.6305867272824469,
    0.6927604103243026,
    0.6180265514840676,
    0.6456930676523173,
    0.6881140343654552,
    0.5866557880120744,
    0.6016821859200072,
    0.6081057765765047,
    0.5607275208658565,
    0.534448268723965,
    0.531911406165797,
    0.5882426936111214,
    0.5936149005253838,
    0.5660133021005079,
    0.5602664912243472,
    0.5852488188935887,
    0.5805141085211484,
    0.5220123471705844,
    0.5063887088479487,
    0.5675696723427889,
    0.5682103507465891,
    0.5417729520329128,
    0.5332265256028617,
    0.54202287476966,
    0.5398415091408169,
    0.5092624759713463,
    0.5228140786367316,
    0.5024795606413794,
    0.508807160739752,
    0.5178055949733174,
    0.5248410392597358,
    0.5177819796244124,
    0.5205236940498579,
    0.5226639713244388,
    0.5126204935503811,
    0.5183966468971739,
    0.5236736782235631,
    0.5223243343305769,
    0.4995418770483816,
    0.5078557613854101,
    0.5080592531684736,
    0.49639134163645926,
    0.49656321411171284,
    0.5052120945846558,
    0.5105698928639328,
    0.5100233013807898,
    0.5156524957806038,
    0.4928799098944737,
    0.5017834117880058,
    0.4977230792375405,
    0.4727121274649452,
    0.5034447914430428,
    0.505098265334211,
    0.5099228186307196,
    0.5209348792265857,
    0.5082810524918614,
    0.504388500238674,
    0.47503295556536496,
    0.4790295248774044,
    0.4879376655870546,
    0.5074820456166724,
    0.4833947386883197,
    0.4807218246988865,
    0.49652568892641374,
    0.49636628725994325
  ],
  "l2_error_overall": 0.49636629,
  "l2_error_per_t": {
    "t_0.0": 0.17694753,
    "t_1.0": 0.3227419,
    "t_2.0": 0.43312527,
    "t_3.0": 0.48244481,
    "t_4.0": 0.50240598,
    "t_5.0": 0.51121047,
    "t_6.0": 0.51860599,
    "t_7.0": 0.52910105,
    "t_8.0": 0.54407836,
    "t_9.0": 0.56325585,
    "t_10.0": 0.58564428,
    "t_11.0": 0.61009935,
    "t_12.0": 0.63558671,
    "t_13.0": 0.66127558,
    "t_14.0": 0.68654665,
    "t_15.0": 0.71096497,
    "t_16.0": 0.73424359,
    "t_17.0": 0.75620887,
    "t_18.0": 0.77677124,
    "t_19.0": 0.79590191,
    "t_20.0": 0.81361497
  },
  "mass_mean_t0": -0.00347,
  "mass_mean_tmax": -0.000765,
  "mass_drift": 0.00270484
}