{
  "experiment": "V3_G_combined_batch200",
  "optimizer": "SSBroyden2",
  "adam_epochs": 1000,
  "bfgs_iters": 50000,
  "adam_time_s": 618.6,
  "bfgs_time_s": 34005.46,
  "total_time_s": 34624.06,
  "final_adam_loss": 0.0314613460386181,
  "final_bfgs_loss": 5.721108445197654e-05,
  "n_params": 1361,
  "l2_rel_error_overall": 0.5109295094083054,
  "l2_rel_error_per_t": [
    0.055006765954535894,
    0.30981600376981444,
    0.43455450707096205,
    0.48702991200155493,
    0.5077552652692326,
    0.5182047469153332,
    0.52931183076241,
    0.5453222173322773,
    0.5666440751715435,
    0.5921092278492177,
    0.620256686793494,
    0.6497268721550945,
    0.6793293168252414,
    0.7081425232034732,
    0.7356011739968706,
    0.7614567621826146,
    0.7856591424539163,
    0.8082605857547396,
    0.8293648605085339,
    0.8490927948144184,
    0.8675503563584207
  ],
  "l2_eval_times": [
    0.0,
    1.0,
    2.0,
    3.0,
    4.0,
    5.0,
    6.0,
    7.0,
    8.0,
    9.0,
    10.0,
    11.0,
    12.0,
    13.0,
    14.0,
    15.0,
    16.0,
    17.0,
    18.0,
    19.0,
    20.0
  ],
  "l2_threshold": 0.5,
  "iters_to_l2_rel_threshold": 48500,
  "threshold_cross_phase": "SSBroyden2",
  "l2_rel_curve": [
    1.4896029053897089,
    1.0068688763214073,
    0.9481965478471072,
    0.8299488043307612,
    0.7978308748718622,
    0.7504342101505721,
    0.7007344269883714,
    0.6714260912760718,
    0.6427876025829368,
    0.6269717163315434,
    0.6216129076156018,
    0.601252383502474,
    0.6285973315162215,
    0.6424303518639196,
    0.6409295800682504,
    0.6499456276227047,
    0.630737426771975,
    0.5811230479547654,
    0.6193660563104721,
    0.6420887108094483,
    0.6130171323936313,
    0.5896688674415671,
    0.5727429003160683,
    0.6124062015035459,
    0.6107927930992323,
    0.571155694288984,
    0.5728219711563265,
    0.5711927264891719,
    0.5904989842250382,
    0.5623611422966264,
    0.6079401340721174,
    0.6000059816644121,
    0.5557641977170603,
    0.5594569357228162,
    0.568522375081248,
    0.5988599099995439,
    0.5481072528564926,
    0.5447203059457291,
    0.5308842136866743,
    0.5199571757064227,
    0.533799781034271,
    0.54428022212273,
    0.5298447301181137,
    0.5507974468227259,
    0.5312090505724638,
    0.5470312575596099,
    0.5154559355461276,
    0.516278266480393,
    0.5171793707837867,
    0.5246633700200243,
    0.5178244425830324,
    0.5332305158305067,
    0.5358416337708544,
    0.5263849651740298,
    0.5321119412520338,
    0.5183404330441791,
    0.5129782487714014,
    0.5076316121388832,
    0.5079151490263687,
    0.5129037143157803,
    0.5085053335777971,
    0.5154711011733649,
    0.5025484750927319,
    0.5267582697105436,
    0.5212639826476221,
    0.5055237316982262,
    0.506172856564416,
    0.5115663233929111,
    0.5195215351130567,
    0.5089195231483629,
    0.5108739516281625,
    0.5130444349847113,
    0.5105798536806432,
    0.5109209356054797,
    0.5177349769511796,
    0.5010330144388714,
    0.5192792165745778,
    0.5223761640972656,
    0.5096929239985439,
    0.517152735542622,
    0.511144347720884,
    0.5185581512291803,
    0.5093203751457537,
    0.5153926697641624,
    0.5100362245430604,
    0.510848356127941,
    0.5131782312385045,
    0.5045403802768035,
    0.5095858029416854,
    0.5055716573863609,
    0.5245934932417087,
    0.5155147925847067,
    0.5021115585505239,
    0.5064830790346927,
    0.5154379621403778,
    0.512871450202671,
    0.4973111703122503,
    0.5032537882358091,
    0.5177887755770805,
    0.5147384560576356,
    0.5127020364779271,
    0.5109295094083054
  ],
  "l2_error_overall": 0.51092951,
  "l2_error_per_t": {
    "t_0.0": 0.05500677,
    "t_1.0": 0.309816,
    "t_2.0": 0.43455451,
    "t_3.0": 0.48702991,
    "t_4.0": 0.50775527,
    "t_5.0": 0.51820475,
    "t_6.0": 0.52931183,
    "t_7.0": 0.54532222,
    "t_8.0": 0.56664408,
    "t_9.0": 0.59210923,
    "t_10.0": 0.62025669,
    "t_11.0": 0.64972687,
    "t_12.0": 0.67932932,
    "t_13.0": 0.70814252,
    "t_14.0": 0.73560117,
    "t_15.0": 0.76145676,
    "t_16.0": 0.78565914,
    "t_17.0": 0.80826059,
    "t_18.0": 0.82936486,
    "t_19.0": 0.84909279,
    "t_20.0": 0.86755036
  },
  "mass_mean_t0": -0.003702,
  "mass_mean_tmax": 5.1e-05,
  "mass_drift": 0.00413469
}