{
  "experiment": "bfgs_vanilla_64",
  "optimizer": "BFGS",
  "adam_epochs": 1000,
  "bfgs_iters": 50000,
  "adam_time_s": 455.78,
  "bfgs_time_s": 27278.53,
  "total_time_s": 27734.31,
  "final_adam_loss": 0.029720654714296472,
  "final_bfgs_loss": 4.361687421373487e-05,
  "n_params": 1361,
  "mass_mean_t0": -0.00384,
  "mass_mean_tmax": 0.000292,
  "mass_drift": 0.00413136,
  "l2_error_per_t": {
    "t_0.0": 0.13238501,
    "t_5.0": 0.52555726,
    "t_10.0": 0.64477618,
    "t_15.0": 0.77070015,
    "t_20.0": 0.85598763
  },
  "l2_error_overall": 0.41738349
}