{
  "experiment": "V3_B_nic_1k",
  "optimizer": "SSBroyden2",
  "adam_epochs": 1000,
  "bfgs_iters": 50000,
  "adam_time_s": 577.65,
  "bfgs_time_s": 31076.22,
  "total_time_s": 31653.87,
  "final_adam_loss": 0.029295978221357707,
  "final_bfgs_loss": 8.56179323434694e-05,
  "n_params": 1361,
  "l2_rel_error_overall": 0.7443216117485607,
  "l2_rel_error_per_t": [
    0.057392692526515895,
    0.3951761450502747,
    0.621312422905751,
    0.7649387426481423,
    0.8548995201399598,
    0.90804162054251,
    0.9356558346990707,
    0.9457559385840233,
    0.9442803328330279,
    0.9358445502261826,
    0.924239926315785,
    0.9127627810042416,
    0.9044165334208806,
    0.9020077441516579,
    0.9081491925841454,
    0.925189796060999,
    0.9551090432810749,
    0.9994287425503289,
    1.0591892198977322,
    1.1350064446524772,
    1.2271892014078065
  ],
  "l2_eval_times": [
    0.0,
    1.0,
    2.0,
    3.0,
    4.0,
    5.0,
    6.0,
    7.0,
    8.0,
    9.0,
    10.0,
    11.0,
    12.0,
    13.0,
    14.0,
    15.0,
    16.0,
    17.0,
    18.0,
    19.0,
    20.0
  ],
  "l2_threshold": 0.5,
  "iters_to_l2_rel_threshold": null,
  "threshold_cross_phase": null,
  "l2_rel_curve": [
    1.2497357171831016,
    1.4220880947474537,
    1.4761827184574825,
    1.8918761027870645,
    1.4689610768951076,
    1.4736897997352258,
    1.4644537453253368,
    1.3256043716619128,
    1.3295105072726232,
    1.2873340525824521,
    1.2214894762210178,
    1.2175486902226564,
    1.156061928016671,
    1.1047555529931306,
    1.0851379012706368,
    1.0722859515077587,
    1.063922101834244,
    1.0503503678700563,
    1.0407429111131379,
    0.9930467143944673,
    0.9945261908484315,
    0.9696356202179593,
    0.9840758499872573,
    0.9639162864468729,
    0.9624849433071864,
    0.9544432396852321,
    0.9482771302826972,
    0.9192924942069411,
    0.9233827568309939,
    0.955123940264356,
    0.9111998058232229,
    0.9064973886988446,
    0.8954383146651332,
    0.899636425599258,
    0.9057716488310783,
    0.897546563539019,
    0.9076436545049649,
    0.8732162155373668,
    0.8921344189544146,
    0.8869505758336274,
    0.8804941316454548,
    0.8489329232008104,
    0.8563170344576213,
    0.8548261395656476,
    0.8720166621421878,
    0.8314674866604778,
    0.849410858147702,
    0.8392224101491916,
    0.8320456564319929,
    0.860411921830248,
    0.8392122086337096,
    0.8189201432877226,
    0.8102597614037811,
    0.8126236419732387,
    0.8291929060448805,
    0.8210038881331113,
    0.8019828785091306,
    0.7992054263999758,
    0.8179243486605303,
    0.8107225100758434,
    0.7969577059726314,
    0.8139655042356204,
    0.7985384669172293,
    0.803549147862203,
    0.7895068805082007,
    0.8044460474583687,
    0.7825611785656721,
    0.7839773301105073,
    0.7874333671256617,
    0.775920693642992,
    0.7829124191909057,
    0.7815131179767251,
    0.7694569210877854,
    0.7818769232760678,
    0.7616741003264476,
    0.7744525479206934,
    0.7680708614459938,
    0.7676399831446762,
    0.7764786647023777,
    0.772633503492119,
    0.7572687433169365,
    0.7534853488871317,
    0.751457845225317,
    0.7650227755672774,
    0.7483717240243569,
    0.751695801396832,
    0.760786307007336,
    0.7609527227743585,
    0.763049592245972,
    0.7500126211884304,
    0.7529058023645951,
    0.7478107036076873,
    0.7542598012825074,
    0.754067977146998,
    0.7458958468847103,
    0.7288537240161223,
    0.7491755296665644,
    0.7337794974244886,
    0.7437418779067052,
    0.7334771383937498,
    0.7433583901582239,
    0.7443216117485607
  ],
  "l2_error_overall": 0.74432161,
  "l2_error_per_t": {
    "t_0.0": 0.05739269,
    "t_1.0": 0.39517615,
    "t_2.0": 0.62131242,
    "t_3.0": 0.76493874,
    "t_4.0": 0.85489952,
    "t_5.0": 0.90804162,
    "t_6.0": 0.93565583,
    "t_7.0": 0.94575594,
    "t_8.0": 0.94428033,
    "t_9.0": 0.93584455,
    "t_10.0": 0.92423993,
    "t_11.0": 0.91276278,
    "t_12.0": 0.90441653,
    "t_13.0": 0.90200774,
    "t_14.0": 0.90814919,
    "t_15.0": 0.9251898,
    "t_16.0": 0.95510904,
    "t_17.0": 0.99942874,
    "t_18.0": 1.05918922,
    "t_19.0": 1.13500644,
    "t_20.0": 1.2271892
  },
  "mass_mean_t0": -0.003654,
  "mass_mean_tmax": -0.006124,
  "mass_drift": 0.00273732
}