{
  "experiment": "V3_J_power_4",
  "optimizer": "SSBroyden2",
  "adam_epochs": 1000,
  "bfgs_iters": 50000,
  "adam_time_s": 374.49,
  "bfgs_time_s": 20234.08,
  "total_time_s": 20608.57,
  "final_adam_loss": 0.03053902262685226,
  "final_bfgs_loss": 2.936385054314603e-05,
  "n_params": 1361,
  "l2_rel_error_overall": 0.4671796848399171,
  "l2_rel_error_per_t": [
    0.15578775924661575,
    0.32791743754836195,
    0.45179381700924554,
    0.5138864664820882,
    0.5431379578548463,
    0.5547209133147452,
    0.5569832201409852,
    0.554719341041501,
    0.5507747220784277,
    0.5468819117255971,
    0.5441209791572854,
    0.5431876699600813,
    0.5445588853082879,
    0.5486004549121802,
    0.5556399685232016,
    0.5660159427094431,
    0.5801086175182755,
    0.5983548438382258,
    0.6212486955480931,
    0.6493299209822607,
    0.6831634981796152
  ],
  "l2_eval_times": [
    0.0,
    1.0,
    2.0,
    3.0,
    4.0,
    5.0,
    6.0,
    7.0,
    8.0,
    9.0,
    10.0,
    11.0,
    12.0,
    13.0,
    14.0,
    15.0,
    16.0,
    17.0,
    18.0,
    19.0,
    20.0
  ],
  "l2_threshold": 0.5,
  "iters_to_l2_rel_threshold": 7500,
  "threshold_cross_phase": "SSBroyden2",
  "l2_rel_curve": [
    0.9934882274694329,
    3.466295054404723,
    1.261461892789725,
    0.9884684090132697,
    0.7802006281231614,
    0.737882969239812,
    0.6684399320255329,
    0.6352519364670135,
    0.5756636684554761,
    0.5537728665663336,
    0.5421237920776327,
    0.5621030054073379,
    0.5149355863603637,
    0.5482055485866656,
    0.4897061553815234,
    0.5286191547408222,
    0.5423055003246076,
    0.5362021223378255,
    0.5209298743956005,
    0.5039005385251373,
    0.5204030890388789,
    0.5023425404016395,
    0.4855993717826157,
    0.47367635269049757,
    0.4859288999608778,
    0.4973052060242903,
    0.48483891713753785,
    0.4852764300620615,
    0.4725261337236085,
    0.49324358002294344,
    0.4741476346459925,
    0.4853822020703707,
    0.4974655694405227,
    0.48609066852556787,
    0.4944018653222228,
    0.4587997353065166,
    0.4467094143098492,
    0.4579278550445575,
    0.4441083437123211,
    0.49653021365314826,
    0.43743322234554405,
    0.45431099479570314,
    0.4631624846476708,
    0.43681476326706636,
    0.46276394059658865,
    0.473294181709255,
    0.43845328332311245,
    0.44880872525111476,
    0.4668856039023605,
    0.46764618808759234,
    0.46317370874209496,
    0.4590251951701359,
    0.44524814167883153,
    0.47901777501434556,
    0.4431692383947956,
    0.4449624554680556,
    0.41087412908504634,
    0.4748236566053436,
    0.431043233927674,
    0.43939252870707884,
    0.4281144301746072,
    0.4382218200352796,
    0.46522640978263297,
    0.42914523250881215,
    0.4542177564789723,
    0.41690239004313473,
    0.47325106549996493,
    0.4416535680880684,
    0.4510954042520612,
    0.44207173773990105,
    0.45844092659281527,
    0.44169561102570687,
    0.44215780480925104,
    0.4251285085347193,
    0.43749569927655996,
    0.42332650909621494,
    0.4247244640568996,
    0.42914078022105995,
    0.45606080843992053,
    0.43083838151567516,
    0.43968681206716526,
    0.4349731558395008,
    0.45901315743057935,
    0.43329508355178104,
    0.44314283393614035,
    0.43501991198783924,
    0.4241560370585443,
    0.4268578633177728,
    0.4480352681299362,
    0.44978404830347973,
    0.43311429708362614,
    0.4684366478589397,
    0.43855967679891833,
    0.4380367803382037,
    0.42061694591978344,
    0.44550847026100465,
    0.4419016705765081,
    0.42260712100953624,
    0.43832398909924986,
    0.4400995739220868,
    0.4264548171177887,
    0.4671796848399171
  ],
  "l2_error_overall": 0.46717968,
  "l2_error_per_t": {
    "t_0.0": 0.15578776,
    "t_1.0": 0.32791744,
    "t_2.0": 0.45179382,
    "t_3.0": 0.51388647,
    "t_4.0": 0.54313796,
    "t_5.0": 0.55472091,
    "t_6.0": 0.55698322,
    "t_7.0": 0.55471934,
    "t_8.0": 0.55077472,
    "t_9.0": 0.54688191,
    "t_10.0": 0.54412098,
    "t_11.0": 0.54318767,
    "t_12.0": 0.54455889,
    "t_13.0": 0.54860045,
    "t_14.0": 0.55563997,
    "t_15.0": 0.56601594,
    "t_16.0": 0.58010862,
    "t_17.0": 0.59835484,
    "t_18.0": 0.6212487,
    "t_19.0": 0.64932992,
    "t_20.0": 0.6831635
  },
  "mass_mean_t0": -0.004682,
  "mass_mean_tmax": -0.003015,
  "mass_drift": 0.0036712
}