{
  "experiment": "H3_rad_k2_0p5",
  "optimizer": "SSBroyden2",
  "adam_epochs": 1000,
  "bfgs_iters": 50000,
  "adam_time_s": 484.94,
  "bfgs_time_s": 29945.57,
  "total_time_s": 30430.52,
  "final_adam_loss": 0.030953991764452793,
  "final_bfgs_loss": 0.001000397072190667,
  "n_params": 1361,
  "l2_rel_error_overall": 0.939539870213592,
  "l2_rel_error_per_t": [
    0.5835417997376094,
    0.5844803483924685,
    0.6350514398661282,
    0.7012859688341966,
    0.770071296697858,
    0.8363243224237867,
    0.8983331927058026,
    0.9557815304860688,
    1.0088973520650015,
    1.0580868807547394,
    1.103777976846012,
    1.1463555957485294,
    1.1861390777852092,
    1.2233791458483712,
    1.2582642758264684,
    1.290931324643369,
    1.32147777252156,
    1.3499741490548922,
    1.3764757902587184,
    1.4010333395611871,
    1.423701538090119
  ],
  "l2_eval_times": [
    0.0,
    0.5,
    1.0,
    1.5,
    2.0,
    2.5,
    3.0,
    3.5,
    4.0,
    4.5,
    5.0,
    5.5,
    6.0,
    6.5,
    7.0,
    7.5,
    8.0,
    8.5,
    9.0,
    9.5,
    10.0
  ],
  "l2_threshold": 0.5,
  "iters_to_l2_rel_threshold": null,
  "threshold_cross_phase": null,
  "l2_rel_curve": [
    1.007510076491628,
    1.0067536352787203,
    0.9523997806906483,
    1.15959712542266,
    1.1953860652356052,
    1.2479483025015639,
    1.0585952791961164,
    1.0937061340851368,
    1.0634531684756319,
    1.1074064365731633,
    1.0928075132080226,
    1.0414147769878466,
    1.0280113173829586,
    1.0899885097217932,
    1.049334341225497,
    1.0579686765250829,
    0.9734053300427091,
    1.1039482379462888,
    1.1708763999331584,
    1.4974524207917446,
    1.283419502907677,
    1.4320620390350047,
    1.3369119096839748,
    1.3356906492053668,
    1.3395443926920456,
    1.3119478524295163,
    1.3066743689514009,
    1.3014423447926469,
    1.2352463514598517,
    1.2490968867316272,
    1.142454445913344,
    1.2395190117289576,
    1.2996848385434283,
    1.179379947943353,
    1.1320446820737238,
    1.0788858697792927,
    1.1522580580699815,
    1.0498129583441986,
    1.191444494184686,
    1.071072718404183,
    1.1022836693779414,
    1.03441147714257,
    1.0533310867717915,
    1.1258650243062398,
    1.0132631958616578,
    1.0921582669664418,
    1.0466618563741066,
    1.2011096189082608,
    1.032672569353835,
    1.0463105224527207,
    1.2144787804593329,
    1.13443727377518,
    0.9926595885233618,
    1.1165976523362395,
    1.0670288830625767,
    1.0645918223057513,
    1.0543142937419814,
    1.0392523413874686,
    1.0319399731655468,
    0.9877071951027564,
    1.168317169495967,
    1.1066513948460304,
    1.0827822715165054,
    1.0538107094508053,
    1.0862942071981576,
    0.9785330697211104,
    1.0403431351524086,
    0.9822695609344866,
    1.0239750871634272,
    1.0402626178412062,
    1.0621669203834847,
    1.0411656261672886,
    0.9740947270629211,
    0.9919931757206489,
    1.0458290905895804,
    1.0574852740074787,
    1.065968691816628,
    1.0092226080011404,
    1.0179851349207136,
    0.9979964451836228,
    0.9273387255647063,
    1.05916773313998,
    1.0005125043253311,
    1.0461661438130105,
    0.9415766183349003,
    1.0502204932105947,
    1.0019496996352302,
    0.9572861237317348,
    1.0375296184807061,
    0.9566800367945294,
    0.9960787954343092,
    0.9142709943860947,
    0.9819559572943364,
    0.904445052152816,
    0.951353280480207,
    0.9212789349767229,
    0.8857973240631518,
    1.1237442470982142,
    0.9427337110509078,
    1.0101307050726753,
    1.0090145966524433,
    0.939539870213592
  ],
  "l2_error_overall": 0.93953987,
  "l2_error_per_t": {
    "t_0.0": 0.5835418,
    "t_0.5": 0.58448035,
    "t_1.0": 0.63505144,
    "t_1.5": 0.70128597,
    "t_2.0": 0.7700713,
    "t_2.5": 0.83632432,
    "t_3.0": 0.89833319,
    "t_3.5": 0.95578153,
    "t_4.0": 1.00889735,
    "t_4.5": 1.05808688,
    "t_5.0": 1.10377798,
    "t_5.5": 1.1463556,
    "t_6.0": 1.18613908,
    "t_6.5": 1.22337915,
    "t_7.0": 1.25826428,
    "t_7.5": 1.29093132,
    "t_8.0": 1.32147777,
    "t_8.5": 1.34997415,
    "t_9.0": 1.37647579,
    "t_9.5": 1.40103334,
    "t_10.0": 1.42370154
  },
  "mass_mean_t0": -0.005302,
  "mass_mean_tmax": 0.011021,
  "mass_drift": 0.01632275
}