{
  "experiment": "H1_rad_k1_0p5",
  "optimizer": "SSBroyden2",
  "adam_epochs": 1000,
  "bfgs_iters": 50000,
  "adam_time_s": 487.53,
  "bfgs_time_s": 31630.71,
  "total_time_s": 32118.24,
  "final_adam_loss": 0.0309507727850843,
  "final_bfgs_loss": 0.006079632853149527,
  "n_params": 1361,
  "l2_rel_error_overall": 0.8913219563358562,
  "l2_rel_error_per_t": [
    0.5734398896702092,
    0.5471711065681846,
    0.5927439655694233,
    0.6586177274833435,
    0.7279064652745185,
    0.7946336335584273,
    0.8569028581658213,
    0.914133424803401,
    0.9661728992758952,
    1.0130960879817392,
    1.0551963528060326,
    1.0929797793472642,
    1.1271154207082,
    1.1583541464494151,
    1.187443723864862,
    1.2150620606238363,
    1.2417771871522716,
    1.2680319299528007,
    1.2941495672266272,
    1.3203584453174093,
    1.3468286728876318
  ],
  "l2_eval_times": [
    0.0,
    0.5,
    1.0,
    1.5,
    2.0,
    2.5,
    3.0,
    3.5,
    4.0,
    4.5,
    5.0,
    5.5,
    6.0,
    6.5,
    7.0,
    7.5,
    8.0,
    8.5,
    9.0,
    9.5,
    10.0
  ],
  "l2_threshold": 0.5,
  "iters_to_l2_rel_threshold": null,
  "threshold_cross_phase": null,
  "l2_rel_curve": [
    1.0075105369086363,
    0.9972087030194244,
    1.0945352996691522,
    1.2413090280788375,
    1.225642884849078,
    1.181719890776768,
    1.123061060911379,
    1.1615105690371124,
    1.1619108917343843,
    1.1442222845131234,
    1.1235198181312813,
    1.1027583295782648,
    1.1018181199477617,
    1.1654734924465577,
    1.0775632249275329,
    1.09677398824119,
    1.1014482929515148,
    1.1032838054959884,
    1.0729671549453077,
    1.1208614600150404,
    0.9825435769655667,
    0.9937116326903248,
    1.0999790256239188,
    1.0366281904839034,
    1.0975165973974363,
    1.0664875755411434,
    1.0502748796019308,
    1.0698265037146601,
    1.0562419776313694,
    1.0497273947529784,
    1.063713731071266,
    1.0552362500917787,
    1.0725689309886313,
    0.9992479470892928,
    1.1462098974203265,
    1.109617612899104,
    1.121720795191155,
    1.0206259781393008,
    1.1069991443750573,
    1.296776894738186,
    1.1070217691826016,
    1.117198850497538,
    1.0757025441282964,
    1.1847659196810492,
    1.1430654492378605,
    1.1919934612205132,
    1.0969586502471136,
    1.1062879348160248,
    1.0337864775863232,
    1.0138493948820073,
    1.0035034391325683,
    1.100679225109816,
    1.0891078592029657,
    1.0022178330602867,
    1.081649569706955,
    1.1992864965698924,
    1.123685698983338,
    1.1167948275206312,
    1.157495907950613,
    1.1535428310743816,
    1.0597530442203464,
    1.0833705618841294,
    1.0860162608680863,
    0.9817911713476668,
    1.0902287226102125,
    1.1237727154052477,
    1.166668544978125,
    1.131458548398903,
    1.0289493356107013,
    1.1420601052785262,
    0.988175946793432,
    0.9413478804161044,
    0.9218110386999258,
    0.963844916783029,
    0.9232479242419299,
    0.9268867581652294,
    0.9319840578719703,
    0.9439376990920618,
    0.9535878084647664,
    0.9092959850370356,
    0.8950803213698323,
    0.9388388044457163,
    0.917034267123461,
    0.9560321654323188,
    0.9512627671884752,
    0.9399462507863365,
    0.9969783843472906,
    0.886509784107579,
    0.944557149269482,
    0.9590103063575186,
    1.0218353883810523,
    0.9831802709283264,
    0.9174212029027313,
    0.8551531672467217,
    0.8563753678190005,
    0.9258847470360629,
    0.9065106771870024,
    0.9587970405564139,
    0.9412307728749427,
    0.93708975141678,
    0.9100451781961059,
    0.8913219563358562
  ],
  "l2_error_overall": 0.89132196,
  "l2_error_per_t": {
    "t_0.0": 0.57343989,
    "t_0.5": 0.54717111,
    "t_1.0": 0.59274397,
    "t_1.5": 0.65861773,
    "t_2.0": 0.72790647,
    "t_2.5": 0.79463363,
    "t_3.0": 0.85690286,
    "t_3.5": 0.91413342,
    "t_4.0": 0.9661729,
    "t_4.5": 1.01309609,
    "t_5.0": 1.05519635,
    "t_5.5": 1.09297978,
    "t_6.0": 1.12711542,
    "t_6.5": 1.15835415,
    "t_7.0": 1.18744372,
    "t_7.5": 1.21506206,
    "t_8.0": 1.24177719,
    "t_8.5": 1.26803193,
    "t_9.0": 1.29414957,
    "t_9.5": 1.32035845,
    "t_10.0": 1.34682867
  },
  "mass_mean_t0": -0.005224,
  "mass_mean_tmax": -0.008968,
  "mass_drift": 0.0037442
}