{
  "experiment": "V3_H_combined_warmup2k",
  "optimizer": "SSBroyden2",
  "adam_epochs": 2000,
  "bfgs_iters": 49000,
  "adam_time_s": 1160.11,
  "bfgs_time_s": 31499.35,
  "total_time_s": 32659.46,
  "final_adam_loss": 0.03086488355769137,
  "final_bfgs_loss": 0.00011820172681467717,
  "n_params": 1361,
  "l2_rel_error_overall": 0.8824547144747994,
  "l2_rel_error_per_t": [
    0.07089807200989318,
    0.4097098632624554,
    0.6652422623400931,
    0.8418689601170724,
    0.9649998280722496,
    1.0496594613247214,
    1.1060837538897124,
    1.14160520802309,
    1.1616476954877484,
    1.170378114797815,
    1.17116894071616,
    1.16693690215643,
    1.1603944544279867,
    1.1542339331722897,
    1.1512498288131126,
    1.1543922726540894,
    1.1667384283529376,
    1.19137457756957,
    1.231204729256064,
    1.2887348613027687,
    1.3659035756497764
  ],
  "l2_eval_times": [
    0.0,
    1.0,
    2.0,
    3.0,
    4.0,
    5.0,
    6.0,
    7.0,
    8.0,
    9.0,
    10.0,
    11.0,
    12.0,
    13.0,
    14.0,
    15.0,
    16.0,
    17.0,
    18.0,
    19.0,
    20.0
  ],
  "l2_threshold": 0.5,
  "iters_to_l2_rel_threshold": null,
  "threshold_cross_phase": null,
  "l2_rel_curve": [
    1.0082036741827978,
    1.50061185317526,
    1.5545192816403188,
    0.9594572992527154,
    1.2516365769754956,
    1.573908946585286,
    1.4894930776525441,
    1.526584284900834,
    1.5322467590278481,
    1.5389663630010815,
    1.5566626511428956,
    1.524962747525318,
    1.5143902503754965,
    1.5069713535306726,
    1.4894901631113022,
    1.4676296977155094,
    1.426799596349095,
    1.372432687572223,
    1.314985660866077,
    1.3033264665544597,
    1.2603112033075803,
    1.218548479317723,
    1.2193084574775075,
    1.2061219928341427,
    1.1881018174994065,
    1.173758642840961,
    1.1622154181782534,
    1.1634619904796575,
    1.1403868109144542,
    1.1533494151856936,
    1.155345745098298,
    1.1480902328573952,
    1.1277544274109288,
    1.132177582390852,
    1.0999089669698454,
    1.1299142794662196,
    1.1216172885001123,
    1.0980866068363275,
    1.087083596900171,
    1.101146298154851,
    1.0701344998580387,
    1.08964642271926,
    1.0599743878035628,
    1.0564052701341202,
    1.0517110994636438,
    1.0226627793255667,
    1.0354659392429588,
    1.0131810833257675,
    1.008071787940137,
    1.0184413965114323,
    0.9878694837625338,
    1.0174517387008633,
    1.0021485433179738,
    0.9990831743755153,
    0.9596856258153166,
    0.9762740983441341,
    0.955285247563327,
    0.9651059948973717,
    0.9645788271640433,
    0.9746706486416367,
    0.9498265632905358,
    0.9675267022127017,
    0.934325216614264,
    0.9588250149991043,
    0.9366961016418459,
    0.9393526698398534,
    0.9279139335808165,
    0.9406916331980822,
    0.9342955085807574,
    0.9308417512829519,
    0.9174244250513094,
    0.9276047436622862,
    0.9206316259520809,
    0.9315790889918367,
    0.8987419010734021,
    0.9204160313251905,
    0.8955932761408897,
    0.9299043926350937,
    0.8886076189447714,
    0.9109908155814599,
    0.8957983110078288,
    0.9081552139454008,
    0.8807100309787328,
    0.9017655107813994,
    0.8980654368289374,
    0.8901502485855872,
    0.891369445184189,
    0.8917686054707645,
    0.8942661020140845,
    0.8961597659993906,
    0.878108937436544,
    0.9059386115379141,
    0.8887217746197887,
    0.8904143655228868,
    0.872675884930388,
    0.8928592428454666,
    0.8730903714441415,
    0.8800961660921277,
    0.8757889002102195,
    0.8840346835826601,
    0.8729041278378074,
    0.8824547144747994
  ],
  "l2_error_overall": 0.88245471,
  "l2_error_per_t": {
    "t_0.0": 0.07089807,
    "t_1.0": 0.40970986,
    "t_2.0": 0.66524226,
    "t_3.0": 0.84186896,
    "t_4.0": 0.96499983,
    "t_5.0": 1.04965946,
    "t_6.0": 1.10608375,
    "t_7.0": 1.14160521,
    "t_8.0": 1.1616477,
    "t_9.0": 1.17037811,
    "t_10.0": 1.17116894,
    "t_11.0": 1.1669369,
    "t_12.0": 1.16039445,
    "t_13.0": 1.15423393,
    "t_14.0": 1.15124983,
    "t_15.0": 1.15439227,
    "t_16.0": 1.16673843,
    "t_17.0": 1.19137458,
    "t_18.0": 1.23120473,
    "t_19.0": 1.28873486,
    "t_20.0": 1.36590358
  },
  "mass_mean_t0": -0.003531,
  "mass_mean_tmax": -0.006696,
  "mass_drift": 0.0040855
}