{
  "experiment": "V3_D_batch_200",
  "optimizer": "SSBroyden2",
  "adam_epochs": 1000,
  "bfgs_iters": 50000,
  "adam_time_s": 300.87,
  "bfgs_time_s": 20676.59,
  "total_time_s": 20977.46,
  "final_adam_loss": 0.03042360530420233,
  "final_bfgs_loss": 6.72213383850113e-05,
  "n_params": 1361,
  "l2_rel_error_overall": 0.5276658160866553,
  "l2_rel_error_per_t": [
    0.1372410305260189,
    0.3333012329831111,
    0.4715899668881034,
    0.5408076817361054,
    0.5739150779956583,
    0.5895917099400011,
    0.5982225200052919,
    0.6051354112121312,
    0.6127471442881853,
    0.6220002181375838,
    0.6332147961900628,
    0.6464856201792528,
    0.6617879980188487,
    0.6789568710566826,
    0.6976604047029343,
    0.7174233255921699,
    0.737696939723674,
    0.7579441716281774,
    0.7777087958486688,
    0.7966535214723803,
    0.8145671045087749
  ],
  "l2_eval_times": [
    0.0,
    1.0,
    2.0,
    3.0,
    4.0,
    5.0,
    6.0,
    7.0,
    8.0,
    9.0,
    10.0,
    11.0,
    12.0,
    13.0,
    14.0,
    15.0,
    16.0,
    17.0,
    18.0,
    19.0,
    20.0
  ],
  "l2_threshold": 0.5,
  "iters_to_l2_rel_threshold": null,
  "threshold_cross_phase": null,
  "l2_rel_curve": [
    1.4890089099528807,
    3.296795562647541,
    1.6330555261132793,
    1.0091685693163148,
    0.8108281867291014,
    0.8432712015692053,
    0.7752512797874938,
    0.8709062829987637,
    0.8219096959394098,
    0.729903175910494,
    0.7545060471540349,
    0.7778762058377442,
    0.7122494938633656,
    0.6714598473587405,
    0.6488304549491701,
    0.6387081566300525,
    0.6940789231348736,
    0.6745890819660957,
    0.6274243386316825,
    0.61378642923012,
    0.6251239465664384,
    0.6295074895288525,
    0.6406226974899506,
    0.5887144471743486,
    0.6476724859023726,
    0.5858762557332025,
    0.6352639488637905,
    0.5980212771951268,
    0.6118157781343337,
    0.6281333238426288,
    0.5997952186408969,
    0.6107223503358858,
    0.6129070733935877,
    0.6158008329511325,
    0.6030381419400076,
    0.5834782147453332,
    0.6003716242486034,
    0.6200977938395065,
    0.6072171864592832,
    0.5761340751687469,
    0.6030588258649381,
    0.5866280009395046,
    0.597777250434141,
    0.5688157548073742,
    0.5777371507700712,
    0.5871681492249465,
    0.5772106943600764,
    0.5878947976056347,
    0.5825618164789995,
    0.5492574531757587,
    0.5762599927566043,
    0.5661194850739177,
    0.5617991799700707,
    0.5400057083367654,
    0.5835507646635228,
    0.5728409132740964,
    0.5586412839080744,
    0.5452642450432635,
    0.5823202883289716,
    0.5672094276102095,
    0.5739233900859375,
    0.5591166188714034,
    0.544313375199005,
    0.5708256760823981,
    0.5795699719547683,
    0.563313208901967,
    0.5691608680898389,
    0.5805970528886588,
    0.5924348339999126,
    0.5495977842421913,
    0.5506453496346752,
    0.5364902551968211,
    0.5622575955022341,
    0.5353836823560719,
    0.5241334354466697,
    0.5422387917830941,
    0.5586763130913724,
    0.5531167289569141,
    0.5326233978112409,
    0.5682980537659603,
    0.5451979916887617,
    0.5323605364652848,
    0.543082413155744,
    0.558070417998401,
    0.5292920235833252,
    0.541732285907994,
    0.5620609268417155,
    0.5312104951070765,
    0.5321847979589975,
    0.535904214295804,
    0.5769711669994858,
    0.5521487715725153,
    0.5714670619631346,
    0.5407389626865532,
    0.5673125164696046,
    0.5149701318303685,
    0.5247825639202003,
    0.5180898764501243,
    0.511332155281822,
    0.5646146802053538,
    0.5249456296675865,
    0.5276658160866553
  ],
  "l2_error_overall": 0.52766582,
  "l2_error_per_t": {
    "t_0.0": 0.13724103,
    "t_1.0": 0.33330123,
    "t_2.0": 0.47158997,
    "t_3.0": 0.54080768,
    "t_4.0": 0.57391508,
    "t_5.0": 0.58959171,
    "t_6.0": 0.59822252,
    "t_7.0": 0.60513541,
    "t_8.0": 0.61274714,
    "t_9.0": 0.62200022,
    "t_10.0": 0.6332148,
    "t_11.0": 0.64648562,
    "t_12.0": 0.661788,
    "t_13.0": 0.67895687,
    "t_14.0": 0.6976604,
    "t_15.0": 0.71742333,
    "t_16.0": 0.73769694,
    "t_17.0": 0.75794417,
    "t_18.0": 0.7777088,
    "t_19.0": 0.79665352,
    "t_20.0": 0.8145671
  },
  "mass_mean_t0": -0.003439,
  "mass_mean_tmax": 7.7e-05,
  "mass_drift": 0.0035167
}