{
  "experiment": "V3_A_nint_16k",
  "optimizer": "SSBroyden2",
  "adam_epochs": 1000,
  "bfgs_iters": 50000,
  "adam_time_s": 864.41,
  "bfgs_time_s": 47089.01,
  "total_time_s": 47953.42,
  "final_adam_loss": 0.03058198975654208,
  "final_bfgs_loss": 3.8727151838614385e-05,
  "n_params": 1361,
  "l2_rel_error_overall": 0.5656224549080913,
  "l2_rel_error_per_t": [
    0.15360246703757657,
    0.31937415550215065,
    0.43211342442262024,
    0.48502176526059254,
    0.5121341636684921,
    0.531345180763656,
    0.5512540303778083,
    0.575256569929623,
    0.6040927044116983,
    0.6373177187112892,
    0.6740415942087459,
    0.7132614723111964,
    0.7540121839901551,
    0.795442732328832,
    0.8368550560806768,
    0.8777156458418572,
    0.9176468441074584,
    0.9564055743237478,
    0.9938567733023991,
    1.0299468451402416,
    1.0646802071464967
  ],
  "l2_eval_times": [
    0.0,
    1.0,
    2.0,
    3.0,
    4.0,
    5.0,
    6.0,
    7.0,
    8.0,
    9.0,
    10.0,
    11.0,
    12.0,
    13.0,
    14.0,
    15.0,
    16.0,
    17.0,
    18.0,
    19.0,
    20.0
  ],
  "l2_threshold": 0.5,
  "iters_to_l2_rel_threshold": null,
  "threshold_cross_phase": null,
  "l2_rel_curve": [
    1.2872038503081942,
    0.9605433759841066,
    0.9674400310851321,
    0.8058824622558752,
    0.8079594722563586,
    0.7456314247088942,
    0.6994537882189658,
    0.6604373357526071,
    0.6883684132394368,
    0.712209322417186,
    0.6296113930927769,
    0.7107232693235793,
    0.6465599511901351,
    0.6499932734559256,
    0.7327609017787158,
    0.6139487009414982,
    0.6903881512137183,
    0.5916103505929287,
    0.6415805354714392,
    0.7748020467267865,
    0.5931699572489603,
    0.5868048526097189,
    0.6426548293624273,
    0.7242960444336918,
    0.5777455832356123,
    0.6305801509865515,
    0.5831261856308931,
    0.5731797350286529,
    0.6276735889975862,
    0.6453568999003585,
    0.600454251865298,
    0.5581362398492341,
    0.6063569854024653,
    0.6885575359551668,
    0.657060370144268,
    0.5565226904640271,
    0.5615850297384031,
    0.6484128028127439,
    0.5838258583379929,
    0.6518105133208406,
    0.5908453031211953,
    0.5439437598380008,
    0.61877217593156,
    0.5649897134429925,
    0.5576072561381533,
    0.6085977023759935,
    0.6022440112128449,
    0.6188826227556998,
    0.653247244276149,
    0.5672255560517607,
    0.5943257114026743,
    0.5567026437012939,
    0.6741192533172408,
    0.5898945007747921,
    0.6594541833809925,
    0.6408731463412183,
    0.6666752205193566,
    0.6739476345758556,
    0.7334985150808396,
    0.5895232636611748,
    0.5306537705847929,
    0.6818370015846114,
    0.5995528136291735,
    0.5612025839945871,
    0.5478440728094742,
    0.5711009612299435,
    0.6264287566786416,
    0.5313203383687933,
    0.5631851677529889,
    0.6260678017994085,
    0.5805991258114163,
    0.5492682400371308,
    0.5693894334314127,
    0.6138779876935605,
    0.6247283493871002,
    0.6678952383772799,
    0.5305540027248208,
    0.5194704526693938,
    0.5415588552690115,
    0.7344167390712009,
    0.5150432985668412,
    0.5835002305791969,
    0.5922722228052612,
    0.5283016209340797,
    0.6680915524665001,
    0.5270695423585654,
    0.5394811940872981,
    0.6693347789866579,
    0.5459209087529872,
    0.6845218945840627,
    0.5286916977447591,
    0.6260089044000537,
    0.618190013965574,
    0.5519430294957433,
    0.6797354971366436,
    0.6175209729127831,
    0.5821240385858664,
    0.5446777609309386,
    0.6048038233198181,
    0.5790758644320023,
    0.5736942299436875,
    0.5656224549080913
  ],
  "l2_error_overall": 0.56562245,
  "l2_error_per_t": {
    "t_0.0": 0.15360247,
    "t_1.0": 0.31937416,
    "t_2.0": 0.43211342,
    "t_3.0": 0.48502177,
    "t_4.0": 0.51213416,
    "t_5.0": 0.53134518,
    "t_6.0": 0.55125403,
    "t_7.0": 0.57525657,
    "t_8.0": 0.6040927,
    "t_9.0": 0.63731772,
    "t_10.0": 0.67404159,
    "t_11.0": 0.71326147,
    "t_12.0": 0.75401218,
    "t_13.0": 0.79544273,
    "t_14.0": 0.83685506,
    "t_15.0": 0.87771565,
    "t_16.0": 0.91764684,
    "t_17.0": 0.95640557,
    "t_18.0": 0.99385677,
    "t_19.0": 1.02994685,
    "t_20.0": 1.06468021
  },
  "mass_mean_t0": -0.003323,
  "mass_mean_tmax": 0.013192,
  "mass_drift": 0.01651561
}