{
  "experiment": "ssbroyden2_64",
  "optimizer": "SSBroyden2",
  "adam_epochs": 1000,
  "bfgs_iters": 50000,
  "adam_time_s": 382.75,
  "bfgs_time_s": 22541.87,
  "total_time_s": 22924.61,
  "final_adam_loss": 0.03053902615977564,
  "final_bfgs_loss": 8.00836826237095e-06,
  "n_params": 1361,
  "mass_mean_t0": -0.003193,
  "mass_mean_tmax": -0.002985,
  "mass_drift": 0.00136058,
  "l2_error_per_t": {
    "t_0.0": 0.17841949,
    "t_5.0": 0.41129333,
    "t_10.0": 0.3058448,
    "t_15.0": 0.29566613,
    "t_20.0": 0.32084814
  },
  "l2_error_overall": 0.25788107
}