{
  "experiment": "H4_rad_k2_2p0",
  "optimizer": "SSBroyden2",
  "adam_epochs": 1000,
  "bfgs_iters": 50000,
  "adam_time_s": 508.2,
  "bfgs_time_s": 36205.92,
  "total_time_s": 36714.11,
  "final_adam_loss": 0.03118343471125008,
  "final_bfgs_loss": 0.0003441612801407511,
  "n_params": 1361,
  "l2_rel_error_overall": 1.199735906077047,
  "l2_rel_error_per_t": [
    0.5060985680598827,
    0.5502627240245431,
    0.6516171834644182,
    0.7634212729022438,
    0.8733994855463877,
    0.9784987395041665,
    1.078228822770602,
    1.1728282707687498,
    1.2627208703071149,
    1.3483474212294175,
    1.4301152584471772,
    1.5083864718216007,
    1.5834788376476046,
    1.655670536997917,
    1.725205553206373,
    1.7922987061594096,
    1.857140029720587,
    1.9198984677995006,
    1.9807249550083295,
    2.039754971141061,
    2.097110657295414
  ],
  "l2_eval_times": [
    0.0,
    0.5,
    1.0,
    1.5,
    2.0,
    2.5,
    3.0,
    3.5,
    4.0,
    4.5,
    5.0,
    5.5,
    6.0,
    6.5,
    7.0,
    7.5,
    8.0,
    8.5,
    9.0,
    9.5,
    10.0
  ],
  "l2_threshold": 0.5,
  "iters_to_l2_rel_threshold": null,
  "threshold_cross_phase": null,
  "l2_rel_curve": [
    1.0400434307609143,
    1.0237291015485925,
    1.0288465947448335,
    1.2294892867307081,
    1.1979955018799375,
    1.257834860335045,
    1.2729313329441598,
    1.3170212775486065,
    1.3236542800396438,
    1.2723552935510536,
    1.2578558858324493,
    1.3047961833867123,
    1.2934957385542074,
    1.2711462055029241,
    1.3501430227397153,
    1.3556370777297444,
    1.3224610329427968,
    1.2527376746553043,
    1.3026190545577534,
    1.3827455746291295,
    1.3385947989372977,
    1.249474615713609,
    1.2700972003239717,
    1.275271849074829,
    1.2664869620793653,
    1.3073060572391357,
    1.2510731567761808,
    1.3123054610181966,
    1.2893185745882665,
    1.309887460586016,
    1.3231658415034697,
    1.274563133931688,
    1.3037301732123125,
    1.27608320989284,
    1.3063872309464193,
    1.2854618363311667,
    1.296815237934032,
    1.301521962823422,
    1.273784755706799,
    1.2760472992238134,
    1.2135084743419162,
    1.2971252693987183,
    1.22997358933436,
    1.2093993162461294,
    1.2230158722251825,
    1.1887909658598976,
    1.2192717153737513,
    1.2760549464471078,
    1.2588569576852857,
    1.3297827549166725,
    1.2766693427732305,
    1.2291436760296643,
    1.2409340634242672,
    1.2130815871992835,
    1.19287096832345,
    1.227260683296503,
    1.2870783007784345,
    1.2519073757740822,
    1.2787396633525978,
    1.2457172539434966,
    1.1764956121944294,
    1.2406253493441126,
    1.2868168950412913,
    1.215102016972667,
    1.2219645976855427,
    1.2489105209083384,
    1.202607766170783,
    1.2369960876611037,
    1.2270499737213687,
    1.2259648506347374,
    1.2525540008145444,
    1.2515806685882562,
    1.1987859875673232,
    1.2652469545621536,
    1.2015114902616733,
    1.2060825816797949,
    1.2571670581053194,
    1.228963394973642,
    1.242824552363497,
    1.2159981344728343,
    1.2664857813538966,
    1.2501559447078945,
    1.2608318231347142,
    1.218143627965573,
    1.1949606668625956,
    1.2241976811051125,
    1.2038852237690993,
    1.1819486173278246,
    1.1947203719027866,
    1.2068497752538343,
    1.2020768095182361,
    1.2320059513238064,
    1.2243519162232455,
    1.1970285376354222,
    1.2080270033236682,
    1.2117619453642505,
    1.2167947994317507,
    1.2328699726622403,
    1.2165238127452935,
    1.2358354754231076,
    1.1640619489579207,
    1.199735906077047
  ],
  "l2_error_overall": 1.19973591,
  "l2_error_per_t": {
    "t_0.0": 0.50609857,
    "t_0.5": 0.55026272,
    "t_1.0": 0.65161718,
    "t_1.5": 0.76342127,
    "t_2.0": 0.87339949,
    "t_2.5": 0.97849874,
    "t_3.0": 1.07822882,
    "t_3.5": 1.17282827,
    "t_4.0": 1.26272087,
    "t_4.5": 1.34834742,
    "t_5.0": 1.43011526,
    "t_5.5": 1.50838647,
    "t_6.0": 1.58347884,
    "t_6.5": 1.65567054,
    "t_7.0": 1.72520555,
    "t_7.5": 1.79229871,
    "t_8.0": 1.85714003,
    "t_8.5": 1.91989847,
    "t_9.0": 1.98072496,
    "t_9.5": 2.03975497,
    "t_10.0": 2.09711066
  },
  "mass_mean_t0": -0.004862,
  "mass_mean_tmax": -0.005104,
  "mass_drift": 0.00024201
}