{
  "experiment": "V3_G_combined_batch200",
  "optimizer": "SSBroyden2",
  "adam_epochs": 1000,
  "bfgs_iters": 50000,
  "adam_time_s": 819.17,
  "bfgs_time_s": 57874.33,
  "total_time_s": 58693.5,
  "final_adam_loss": 0.03220215223018392,
  "final_bfgs_loss": 5.3188830683634745e-05,
  "n_params": 1361,
  "l2_rel_error_overall": 0.4570958814462771,
  "l2_rel_error_per_t": [
    0.053449203234706165,
    0.29862094432587494,
    0.415502860001804,
    0.45966146912553973,
    0.47153663719747074,
    0.47327391017235243,
    0.4764446547837313,
    0.48550920972412326,
    0.5006507015101861,
    0.520233984201803,
    0.5424170828719399,
    0.565843812833857,
    0.5897274932555238,
    0.6136639007415521,
    0.6374060566223243,
    0.6607177677591423,
    0.683327291700447,
    0.7049472590255649,
    0.7253158000537802,
    0.7442292740111003,
    0.7615569101702532
  ],
  "l2_eval_times": [
    0.0,
    1.0,
    2.0,
    3.0,
    4.0,
    5.0,
    6.0,
    7.0,
    8.0,
    9.0,
    10.0,
    11.0,
    12.0,
    13.0,
    14.0,
    15.0,
    16.0,
    17.0,
    18.0,
    19.0,
    20.0
  ],
  "l2_threshold": 0.5,
  "iters_to_l2_rel_threshold": 21000,
  "threshold_cross_phase": "SSBroyden2",
  "l2_rel_curve": [
    1.1258983655141286,
    2.7537162388556666,
    0.9538609176111301,
    0.8717507550644432,
    0.8073319296281463,
    0.7460275393066025,
    0.744959998104224,
    0.7471698663466493,
    0.7135293341147332,
    0.6903250730066991,
    0.674387242865294,
    0.7833567885714771,
    0.6608232934101315,
    0.6531361161376197,
    0.6290359627070893,
    0.6357398002805068,
    0.6098225689120582,
    0.562284012852246,
    0.599423162220698,
    0.5768650309336342,
    0.586835807664514,
    0.5697331942943864,
    0.5535942061404423,
    0.5458719716514479,
    0.5512753467690746,
    0.5422730116725031,
    0.552211011116341,
    0.5248426366935277,
    0.5389627084381017,
    0.5223208213478296,
    0.5257142414502401,
    0.5337843645198361,
    0.5421632810932892,
    0.5035506746722418,
    0.5129271032186961,
    0.5230530321793393,
    0.5112487165630273,
    0.5089472088218762,
    0.5192895423328601,
    0.5147859542909011,
    0.5223815078332146,
    0.4891869319576755,
    0.5055914757329288,
    0.49677177814238044,
    0.49672468809921677,
    0.5077699833462124,
    0.5042298380257169,
    0.5025595628350406,
    0.48752274478281094,
    0.5135459582955483,
    0.5345859769966272,
    0.5109018862093903,
    0.5148551185668987,
    0.5253905858606421,
    0.49414985236895764,
    0.5018225323615071,
    0.49241454602215873,
    0.5001002517010986,
    0.5075286710730045,
    0.4918258393450993,
    0.4996787844259928,
    0.4899257030659801,
    0.5024292157427721,
    0.48923520118775926,
    0.4875087910413221,
    0.48672958214478057,
    0.48548415974064485,
    0.4910534699896097,
    0.48850067736887043,
    0.47947529487110874,
    0.47831895922368173,
    0.4624208011754252,
    0.4805337324987015,
    0.49063734422880506,
    0.4906982216092907,
    0.4647092048320513,
    0.46834297067320874,
    0.460207707934658,
    0.46352992073049293,
    0.4696486807249434,
    0.4720216185824507,
    0.46721763992193455,
    0.46448022707323056,
    0.45869279802114704,
    0.4646083023126528,
    0.45924539437826994,
    0.48497403150083485,
    0.4686365318670992,
    0.4769198389348148,
    0.4675764880204795,
    0.46433219996077624,
    0.4669247562036395,
    0.4675274528280936,
    0.45927892358325356,
    0.46398613549292617,
    0.47566643158571315,
    0.4536284357717271,
    0.4649092694288437,
    0.4592577109494145,
    0.46731407851817175,
    0.46549516581238953,
    0.4570958814462771
  ],
  "l2_error_overall": 0.45709588,
  "l2_error_per_t": {
    "t_0.0": 0.0534492,
    "t_1.0": 0.29862094,
    "t_2.0": 0.41550286,
    "t_3.0": 0.45966147,
    "t_4.0": 0.47153664,
    "t_5.0": 0.47327391,
    "t_6.0": 0.47644465,
    "t_7.0": 0.48550921,
    "t_8.0": 0.5006507,
    "t_9.0": 0.52023398,
    "t_10.0": 0.54241708,
    "t_11.0": 0.56584381,
    "t_12.0": 0.58972749,
    "t_13.0": 0.6136639,
    "t_14.0": 0.63740606,
    "t_15.0": 0.66071777,
    "t_16.0": 0.68332729,
    "t_17.0": 0.70494726,
    "t_18.0": 0.7253158,
    "t_19.0": 0.74422927,
    "t_20.0": 0.76155691
  },
  "mass_mean_t0": -0.003892,
  "mass_mean_tmax": -0.0041,
  "mass_drift": 0.00283782
}