{
  "experiment": "V3_K_power4_combined",
  "optimizer": "SSBroyden2",
  "adam_epochs": 1000,
  "bfgs_iters": 50000,
  "adam_time_s": 530.93,
  "bfgs_time_s": 31084.81,
  "total_time_s": 31615.75,
  "final_adam_loss": 0.03220215223018392,
  "final_bfgs_loss": 2.552591084200359e-05,
  "n_params": 1361,
  "l2_rel_error_overall": 0.41171773435890935,
  "l2_rel_error_per_t": [
    0.05233086416343327,
    0.2924855545071882,
    0.39837045653061276,
    0.43308476934317675,
    0.43586684441239765,
    0.42713820239045397,
    0.41818124336080703,
    0.4149105419759818,
    0.41969800535575025,
    0.43254730426548693,
    0.4521043061891723,
    0.47649996866904687,
    0.5039052997628403,
    0.532795048213462,
    0.5620143222852282,
    0.5907477652636641,
    0.6184552129338313,
    0.6448048527268178,
    0.6696156571259554,
    0.6928118603606541,
    0.7143886782123042
  ],
  "l2_eval_times": [
    0.0,
    1.0,
    2.0,
    3.0,
    4.0,
    5.0,
    6.0,
    7.0,
    8.0,
    9.0,
    10.0,
    11.0,
    12.0,
    13.0,
    14.0,
    15.0,
    16.0,
    17.0,
    18.0,
    19.0,
    20.0
  ],
  "l2_threshold": 0.5,
  "iters_to_l2_rel_threshold": 4000,
  "threshold_cross_phase": "SSBroyden2",
  "l2_rel_curve": [
    1.1258983655141286,
    2.7537162388556666,
    0.8931325950948916,
    0.7675211832770024,
    0.6529638926346206,
    0.5728484661801497,
    0.5186916461631853,
    0.49622864706913244,
    0.4976221748530662,
    0.4923395879610253,
    0.4795539813725837,
    0.4826505025596753,
    0.4667783447354665,
    0.4732415749261962,
    0.44465870270448454,
    0.46737716493773745,
    0.4427558835940682,
    0.4452618485269461,
    0.4345942834149603,
    0.44741278072561197,
    0.4381284622944008,
    0.43801703975148215,
    0.4342784312855397,
    0.4305309395226813,
    0.42928054648740765,
    0.42771900675321917,
    0.4337021044111132,
    0.42899813096059747,
    0.4187755459066566,
    0.44613034335484,
    0.43199568075753497,
    0.43671400749409817,
    0.4342826429037629,
    0.4237960623747856,
    0.43809171773655914,
    0.41923877385010805,
    0.4293579893551754,
    0.43014898091749404,
    0.41798798576772134,
    0.44735209070803345,
    0.42058381807469064,
    0.4288419479863486,
    0.42950543825080645,
    0.41958701838433116,
    0.43561950616512846,
    0.4115481493272889,
    0.42612352440051404,
    0.4195097345907827,
    0.42039617085898906,
    0.42906027093781174,
    0.42387396101959807,
    0.4205335007606331,
    0.428911937467495,
    0.42124674359194336,
    0.41921929565339555,
    0.4154191837560518,
    0.42354724329938614,
    0.4230506490392293,
    0.417039005468401,
    0.4317862691888954,
    0.4152027725038354,
    0.4147822959844284,
    0.41462114025106017,
    0.42330406617603605,
    0.4114854607305586,
    0.4203479150423619,
    0.40722006184147075,
    0.41728720505503164,
    0.4126376796174075,
    0.403137239929591,
    0.409066155204913,
    0.415270130267068,
    0.42020705758757365,
    0.4095534078137366,
    0.41411730599923047,
    0.4231844188279944,
    0.42441756740340186,
    0.4032047958422671,
    0.4092659451698469,
    0.4028121585564623,
    0.41843492545418404,
    0.40823212133693265,
    0.4196814921938413,
    0.41380700783090335,
    0.40346210753001377,
    0.40957856963244293,
    0.4066909066305696,
    0.4184354691598014,
    0.4032462324315045,
    0.4068837778863817,
    0.41090763284418225,
    0.3986632852690741,
    0.40475443307681763,
    0.4097295671559084,
    0.40273880854932353,
    0.40268532747199753,
    0.3969665152111943,
    0.41412021052068004,
    0.4096065122478248,
    0.40108614705194967,
    0.4101360532461804,
    0.41171773435890935
  ],
  "l2_error_overall": 0.41171773,
  "l2_error_per_t": {
    "t_0.0": 0.05233086,
    "t_1.0": 0.29248555,
    "t_2.0": 0.39837046,
    "t_3.0": 0.43308477,
    "t_4.0": 0.43586684,
    "t_5.0": 0.4271382,
    "t_6.0": 0.41818124,
    "t_7.0": 0.41491054,
    "t_8.0": 0.41969801,
    "t_9.0": 0.4325473,
    "t_10.0": 0.45210431,
    "t_11.0": 0.47649997,
    "t_12.0": 0.5039053,
    "t_13.0": 0.53279505,
    "t_14.0": 0.56201432,
    "t_15.0": 0.59074777,
    "t_16.0": 0.61845521,
    "t_17.0": 0.64480485,
    "t_18.0": 0.66961566,
    "t_19.0": 0.69281186,
    "t_20.0": 0.71438868
  },
  "mass_mean_t0": -0.00378,
  "mass_mean_tmax": -0.000748,
  "mass_drift": 0.00303212
}