{
  "experiment": "F4_points_5k",
  "optimizer": "SSBroyden2",
  "adam_epochs": 1000,
  "bfgs_iters": 50000,
  "adam_time_s": 297.12,
  "bfgs_time_s": 21079.5,
  "total_time_s": 21376.61,
  "final_adam_loss": 0.030035400807717293,
  "final_bfgs_loss": 0.011415380337811205,
  "n_params": 1361,
  "l2_rel_error_overall": 1.4020728062795123,
  "l2_rel_error_per_t": [
    0.7678977536664259,
    0.7812652535764784,
    0.8619277852476062,
    0.9713403340228941,
    1.0884087889976668,
    1.2028853436859053,
    1.3105562563621886,
    1.4107783566825782,
    1.5041515982721247,
    1.5912469570786298,
    1.672337185859836,
    1.7475903294343451,
    1.8174214449398167,
    1.8823719941229358,
    1.942923326203379,
    1.9995632404613635,
    2.052906705782633,
    2.1037532980733578,
    2.1531184202313107,
    2.202240666029412,
    2.2525222676581027
  ],
  "l2_eval_times": [
    0.0,
    0.5,
    1.0,
    1.5,
    2.0,
    2.5,
    3.0,
    3.5,
    4.0,
    4.5,
    5.0,
    5.5,
    6.0,
    6.5,
    7.0,
    7.5,
    8.0,
    8.5,
    9.0,
    9.5,
    10.0
  ],
  "l2_threshold": 0.5,
  "iters_to_l2_rel_threshold": null,
  "threshold_cross_phase": null,
  "l2_rel_curve": [
    1.1306361682053128,
    1.1072869382752586,
    1.0645328512392918,
    1.296065686034301,
    1.1871335856097274,
    1.0606057937491005,
    1.0793289931666292,
    1.0493940443683831,
    1.2573679509691011,
    1.1187091394829503,
    1.0395464693069087,
    1.0696435082462938,
    1.0114292144929797,
    1.157922727753662,
    1.0595653356842851,
    1.1503450042611436,
    1.2214451237401232,
    1.2647474018785514,
    1.2366584382923076,
    1.0713399678553166,
    1.0934512247746149,
    1.1134570395700596,
    1.1766614339194463,
    0.997149115596609,
    0.99324125094956,
    1.0549546473604279,
    0.9790935806263658,
    0.95439552119355,
    0.9430386163866155,
    1.0717571204866974,
    1.0713402610084939,
    1.008945946251305,
    1.0407327553965007,
    1.1539225193396703,
    1.1987660590986102,
    2.8634110288627648,
    1.0291044417819217,
    0.9672054383269366,
    1.015814324576553,
    1.3768370283508808,
    1.506751556028757,
    1.0677996846362652,
    1.081652954661932,
    1.0242351613519856,
    1.083639086400889,
    1.0341741097901056,
    1.0076624160659937,
    1.0176512083551774,
    1.0587465444567905,
    1.0727667725333507,
    1.0220033930213102,
    1.011961707693751,
    1.1040994206191481,
    1.1179503524273207,
    1.0785925488830919,
    1.106801988569479,
    0.9317522847388349,
    0.975901543957932,
    0.9598809226202487,
    1.149589582905605,
    1.2776171724796648,
    1.1897834536543839,
    1.3067547282122907,
    1.117174777309797,
    1.2680088182832217,
    1.37186117701007,
    1.3779528282706275,
    1.3137000908325918,
    1.3709396283446602,
    1.221104276931784,
    1.402205930256145,
    1.398577410048376,
    1.42260210265104,
    1.3500778912470521,
    1.4809480284571972,
    1.5092908439291248,
    1.6216988394027807,
    1.423168171354056,
    1.3346106308286647,
    1.5303878680385872,
    1.5507081926283597,
    1.4402363445144868,
    1.539416665199875,
    1.413760277968439,
    1.4268874773046114,
    1.3674065800828457,
    1.4193049173855419,
    1.421679105400989,
    1.5688164802882811,
    1.3945315838983328,
    1.4279492075528746,
    1.474320335111207,
    1.5576142478682133,
    1.5336272325271803,
    1.4953322358711627,
    1.6999226997308283,
    1.477073310109871,
    1.765803333466026,
    1.670132169737173,
    1.8341957964394187,
    1.57847225644606,
    1.4020728062795123
  ],
  "l2_error_overall": 1.40207281,
  "l2_error_per_t": {
    "t_0.0": 0.76789775,
    "t_0.5": 0.78126525,
    "t_1.0": 0.86192779,
    "t_1.5": 0.97134033,
    "t_2.0": 1.08840879,
    "t_2.5": 1.20288534,
    "t_3.0": 1.31055626,
    "t_3.5": 1.41077836,
    "t_4.0": 1.5041516,
    "t_4.5": 1.59124696,
    "t_5.0": 1.67233719,
    "t_5.5": 1.74759033,
    "t_6.0": 1.81742144,
    "t_6.5": 1.88237199,
    "t_7.0": 1.94292333,
    "t_7.5": 1.99956324,
    "t_8.0": 2.05290671,
    "t_8.5": 2.1037533,
    "t_9.0": 2.15311842,
    "t_9.5": 2.20224067,
    "t_10.0": 2.25252227
  },
  "mass_mean_t0": -0.001769,
  "mass_mean_tmax": 0.051344,
  "mass_drift": 0.05319267
}