{
  "experiment": "H1_rad_k1_0p5",
  "optimizer": "SSBroyden2",
  "adam_epochs": 1000,
  "bfgs_iters": 50000,
  "adam_time_s": 519.55,
  "bfgs_time_s": 32736.74,
  "total_time_s": 33256.3,
  "final_adam_loss": 0.031183366535940078,
  "final_bfgs_loss": 0.02168432559191832,
  "n_params": 1361,
  "l2_rel_error_overall": 1.129094983632859,
  "l2_rel_error_per_t": [
    0.8565741953641554,
    0.8538762930917151,
    0.8877459130585373,
    0.9487025083475276,
    1.0184047018614142,
    1.0813072345256793,
    1.134793984704411,
    1.180845421111998,
    1.2208262125168647,
    1.2557666408661545,
    1.28653976730044,
    1.3139294952031488,
    1.338645716241603,
    1.361286143477357,
    1.3823248556585797,
    1.40212913276942,
    1.4209829440365893,
    1.439106542785275,
    1.4566703869254474,
    1.47380430862108,
    1.4906039286198374
  ],
  "l2_eval_times": [
    0.0,
    0.5,
    1.0,
    1.5,
    2.0,
    2.5,
    3.0,
    3.5,
    4.0,
    4.5,
    5.0,
    5.5,
    6.0,
    6.5,
    7.0,
    7.5,
    8.0,
    8.5,
    9.0,
    9.5,
    10.0
  ],
  "l2_threshold": 0.5,
  "iters_to_l2_rel_threshold": null,
  "threshold_cross_phase": null,
  "l2_rel_curve": [
    1.04004344203349,
    1.0238819842859468,
    1.129761541230976,
    1.206800220628483,
    1.2103061469847292,
    1.3157856338755918,
    1.254535670571914,
    1.2622877155027166,
    1.22894184589773,
    1.1970653871661598,
    1.2078104228651698,
    1.2858306806431237,
    1.2747047569738539,
    1.3944396610650254,
    1.3017611997185965,
    1.2688939094013556,
    1.3220279668117607,
    1.2809899514149712,
    1.3100945882424953,
    1.3097333614945543,
    1.2873597080196413,
    1.4468705396656734,
    1.3887323098895612,
    1.3128490260595258,
    1.3559858879439963,
    1.3643167304690584,
    1.3573571233613813,
    1.3902690520728722,
    1.3857269943200174,
    1.4841116393145977,
    1.358114648397573,
    1.2826616299210973,
    1.2916650017483158,
    1.3644163263565372,
    1.2875614677675147,
    1.3451935977970177,
    1.3065721336062317,
    1.2813369938590304,
    1.2576285303784094,
    1.4422404167682066,
    1.3103655360826725,
    1.3717217934852899,
    1.3017452216255763,
    1.3958901824999508,
    1.1244619932544047,
    1.1014256901094623,
    1.2614113560320181,
    1.186203452192837,
    1.1974119404958905,
    1.2499155600667309,
    1.2623136116985367,
    1.3372370579734727,
    1.183053168337692,
    1.275703502545476,
    1.3271198424835313,
    1.2330499419122363,
    1.2348899725936044,
    1.2711202686406262,
    1.3056047159309654,
    1.3959965766687255,
    1.1795713863728445,
    1.264724518992405,
    1.271270082826237,
    1.2698003142571543,
    0.9242036866016203,
    1.0232502626076478,
    0.8648535162171082,
    1.079830727015158,
    1.1752982821512645,
    1.1351331340576754,
    1.150708844432829,
    1.152527933541105,
    1.1062970961906375,
    1.0490315096661602,
    0.8918309362586809,
    0.9621066867181586,
    0.908083273348674,
    1.0817581500736408,
    0.8184974463700297,
    1.345152050632989,
    0.8680999656800982,
    0.9101066639758024,
    1.0519457363484268,
    0.9523368238685039,
    3.0206508256990774,
    0.9893255627438667,
    0.9877647923357554,
    0.9851108670413254,
    0.9493330669447535,
    0.9583353730236751,
    0.9930999727314336,
    0.9872445703693177,
    0.9793782850189399,
    0.9759475930635514,
    0.9673077954207745,
    0.9798796368371917,
    1.0223196596045923,
    0.9694002278311245,
    1.0438147225340584,
    1.0953444315153373,
    1.1005013159202301,
    1.129094983632859
  ],
  "l2_error_overall": 1.12909498,
  "l2_error_per_t": {
    "t_0.0": 0.8565742,
    "t_0.5": 0.85387629,
    "t_1.0": 0.88774591,
    "t_1.5": 0.94870251,
    "t_2.0": 1.0184047,
    "t_2.5": 1.08130723,
    "t_3.0": 1.13479398,
    "t_3.5": 1.18084542,
    "t_4.0": 1.22082621,
    "t_4.5": 1.25576664,
    "t_5.0": 1.28653977,
    "t_5.5": 1.3139295,
    "t_6.0": 1.33864572,
    "t_6.5": 1.36128614,
    "t_7.0": 1.38232486,
    "t_7.5": 1.40212913,
    "t_8.0": 1.42098294,
    "t_8.5": 1.43910654,
    "t_9.0": 1.45667039,
    "t_9.5": 1.47380431,
    "t_10.0": 1.49060393
  },
  "mass_mean_t0": -0.008324,
  "mass_mean_tmax": -0.047579,
  "mass_drift": 0.03928141
}