{
  "experiment": "F5_adam_resample_200",
  "optimizer": "SSBroyden2",
  "adam_epochs": 1000,
  "bfgs_iters": 50000,
  "adam_time_s": 486.02,
  "bfgs_time_s": 28456.05,
  "total_time_s": 28942.07,
  "final_adam_loss": 0.031315819555020934,
  "final_bfgs_loss": 0.0003056144550156347,
  "n_params": 1361,
  "l2_rel_error_overall": 1.1918475650537304,
  "l2_rel_error_per_t": [
    0.5178719651721716,
    0.5573173566076388,
    0.65338223632744,
    0.7611723168847623,
    0.8681762457013771,
    0.971010570579738,
    1.0689698037193378,
    1.1621615121749058,
    1.250927396051159,
    1.3356537496507341,
    1.4167093172477492,
    1.4944271985353597,
    1.5691023199197223,
    1.640994208260313,
    1.7103312539600215,
    1.777315049337616,
    1.8421243117764183,
    1.9049182623115022,
    1.9658394693405856,
    2.025016216201116,
    2.0825644636381924
  ],
  "l2_eval_times": [
    0.0,
    0.5,
    1.0,
    1.5,
    2.0,
    2.5,
    3.0,
    3.5,
    4.0,
    4.5,
    5.0,
    5.5,
    6.0,
    6.5,
    7.0,
    7.5,
    8.0,
    8.5,
    9.0,
    9.5,
    10.0
  ],
  "l2_threshold": 0.5,
  "iters_to_l2_rel_threshold": null,
  "threshold_cross_phase": null,
  "l2_rel_curve": [
    1.0485330965436341,
    1.090416539856799,
    1.536258298096508,
    1.2780137516019265,
    1.3224593531813642,
    1.3092771255255204,
    1.2118532006290397,
    1.3289624901950818,
    1.3273602024099216,
    1.2570313534461013,
    1.303652921711411,
    1.322509202671973,
    1.308030483427942,
    1.2937524455282319,
    1.2793013471971932,
    1.2512948709284557,
    1.239577233983354,
    1.2831892485242025,
    1.2474856910065992,
    1.2416360290064226,
    1.2883990745641305,
    1.2762294927662368,
    1.3242547116002792,
    1.2293057195177928,
    1.2567095608716259,
    1.2425475766507912,
    1.2222842875927464,
    1.221755956173351,
    1.272930350486795,
    1.2542291241984502,
    1.3195523246915257,
    1.2649410066384945,
    1.2802132879686514,
    1.2758010792045527,
    1.223802613369234,
    1.2644815671476344,
    1.3059553404345505,
    1.3163403189171372,
    1.2708228700739197,
    1.3012510122991814,
    1.282099761981518,
    1.29932029529452,
    1.2350599964636426,
    1.2850021416187098,
    1.242280021758473,
    1.203524476323296,
    1.234626469433701,
    1.2015272897109635,
    1.1792700880794427,
    1.224788748189506,
    1.2162688426179353,
    1.2504023953538608,
    1.251492346336573,
    1.2434911621347942,
    1.2194118768167965,
    1.196103335976655,
    1.2373638550298383,
    1.200865833332592,
    1.221782264419037,
    1.1693136310380714,
    1.2298370622765706,
    1.2089031005511968,
    1.2070912181713018,
    1.1903873487519896,
    1.2352185876422523,
    1.2059411624383851,
    1.2305396433277693,
    1.2249585929565274,
    1.2246629975438343,
    1.1715171661535373,
    1.1878288743697956,
    1.1956730184242275,
    1.1977307116313656,
    1.251121475045065,
    1.1929099606018898,
    1.1739366565006684,
    1.2008273092366304,
    1.2339004722277769,
    1.239206844993255,
    1.206465412423357,
    1.1940189458565684,
    1.1977562122325522,
    1.2166782246324015,
    1.2102808381963288,
    1.219475470069851,
    1.2146432864561865,
    1.258191676032031,
    1.2104654022716566,
    1.1751885977862566,
    1.2894914459764024,
    1.1762661360254356,
    1.2239572986173375,
    1.1984883787653255,
    1.2109107939829418,
    1.223784142125959,
    1.1348949652716716,
    1.1531339211932787,
    1.2349523116186474,
    1.199838977286717,
    1.2372770855446353,
    1.2054346281153736,
    1.1918475650537304
  ],
  "l2_error_overall": 1.19184757,
  "l2_error_per_t": {
    "t_0.0": 0.51787197,
    "t_0.5": 0.55731736,
    "t_1.0": 0.65338224,
    "t_1.5": 0.76117232,
    "t_2.0": 0.86817625,
    "t_2.5": 0.97101057,
    "t_3.0": 1.0689698,
    "t_3.5": 1.16216151,
    "t_4.0": 1.2509274,
    "t_4.5": 1.33565375,
    "t_5.0": 1.41670932,
    "t_5.5": 1.4944272,
    "t_6.0": 1.56910232,
    "t_6.5": 1.64099421,
    "t_7.0": 1.71033125,
    "t_7.5": 1.77731505,
    "t_8.0": 1.84212431,
    "t_8.5": 1.90491826,
    "t_9.0": 1.96583947,
    "t_9.5": 2.02501622,
    "t_10.0": 2.08256446
  },
  "mass_mean_t0": -0.002969,
  "mass_mean_tmax": -0.003215,
  "mass_drift": 0.00024623
}