{
  "experiment": "V3_B_nic_1k",
  "optimizer": "SSBroyden2",
  "adam_epochs": 1000,
  "bfgs_iters": 50000,
  "adam_time_s": 571.18,
  "bfgs_time_s": 31079.36,
  "total_time_s": 31650.54,
  "final_adam_loss": 0.03085406289125702,
  "final_bfgs_loss": 4.327696126594992e-05,
  "n_params": 1361,
  "l2_rel_error_overall": 0.4941411982189455,
  "l2_rel_error_per_t": [
    0.0517481936387963,
    0.29639471139080836,
    0.41089740246649903,
    0.45679549472081615,
    0.47351684276015144,
    0.4811464951602953,
    0.4895772397665471,
    0.5029574514747732,
    0.5223805304093644,
    0.5474374880065401,
    0.5770739926278312,
    0.6100607414846027,
    0.6452356153695661,
    0.6816035428309911,
    0.7183572782206709,
    0.7548645061987787,
    0.7906459481608991,
    0.8253534266189373,
    0.8587494145660365,
    0.8906878018682504,
    0.9210958903762244
  ],
  "l2_eval_times": [
    0.0,
    1.0,
    2.0,
    3.0,
    4.0,
    5.0,
    6.0,
    7.0,
    8.0,
    9.0,
    10.0,
    11.0,
    12.0,
    13.0,
    14.0,
    15.0,
    16.0,
    17.0,
    18.0,
    19.0,
    20.0
  ],
  "l2_threshold": 0.5,
  "iters_to_l2_rel_threshold": 14500,
  "threshold_cross_phase": "SSBroyden2",
  "l2_rel_curve": [
    1.9214857126790517,
    1.0277515637102606,
    1.0252436658613489,
    0.9468921904936828,
    0.8247932158334628,
    0.7512912200931103,
    0.6943520531035436,
    0.5959637233462608,
    0.6314314719933132,
    0.6347917176160823,
    0.5844208523122837,
    0.6110013808099405,
    0.7023345383021198,
    0.61302838258514,
    0.613070315789183,
    0.6281331496893818,
    0.621484229496627,
    0.6481720015496673,
    0.5814444744437678,
    0.6738708259386568,
    0.5623711711879353,
    0.5476828691737782,
    0.6600763223488159,
    0.5255589884748627,
    0.6133714199354512,
    0.513742200186921,
    0.5887521603252247,
    0.55078397312965,
    0.4972194165127341,
    0.5860372646162926,
    0.5259561719733469,
    0.5622149369378736,
    0.5143054194290002,
    0.5235104252403724,
    0.5654872673041238,
    0.5403110240467004,
    0.5554780720853294,
    0.511710079391696,
    0.5738260541071794,
    0.5590447028525841,
    0.5432182125485767,
    0.5742602100228146,
    0.483883606861398,
    0.5200564064619821,
    0.5342111224147112,
    0.5435794956628704,
    0.5138528402960126,
    0.5418578541642448,
    0.5176019790549853,
    0.535039398670002,
    0.5107277589422811,
    0.5257493925846721,
    0.4836539612160565,
    0.5216218202918881,
    0.48316870989759997,
    0.5134120061377793,
    0.4894775731602688,
    0.4970141976648984,
    0.4957962452993082,
    0.5099269984221152,
    0.5038624910929069,
    0.4756604971997844,
    0.4896823281627114,
    0.5067981206791182,
    0.5026217819065472,
    0.4907636364495841,
    0.4982670519193058,
    0.47435030890301916,
    0.4671148164184004,
    0.47413011907581265,
    0.4694532457668403,
    0.4945194234384801,
    0.476779592416794,
    0.4865812755055819,
    0.4697557533763663,
    0.4737264969435402,
    0.4730071920425875,
    0.4742482682584907,
    0.47839480514603283,
    0.5024528211013772,
    0.46310052798782286,
    0.4706721146663572,
    0.4693087057736304,
    0.47975443959373304,
    0.45613331525947426,
    0.49424893389603297,
    0.48196617275414244,
    0.47929117013272626,
    0.48412387906733295,
    0.47014476903784413,
    0.4719666827863816,
    0.4829146238891359,
    0.4692829999576486,
    0.5115864449455706,
    0.46401809136880845,
    0.47988686879925263,
    0.4672844322384999,
    0.4742254537606954,
    0.47485135679245777,
    0.4717016978226403,
    0.4484905575387542,
    0.4941411982189455
  ],
  "l2_error_overall": 0.4941412,
  "l2_error_per_t": {
    "t_0.0": 0.05174819,
    "t_1.0": 0.29639471,
    "t_2.0": 0.4108974,
    "t_3.0": 0.45679549,
    "t_4.0": 0.47351684,
    "t_5.0": 0.4811465,
    "t_6.0": 0.48957724,
    "t_7.0": 0.50295745,
    "t_8.0": 0.52238053,
    "t_9.0": 0.54743749,
    "t_10.0": 0.57707399,
    "t_11.0": 0.61006074,
    "t_12.0": 0.64523562,
    "t_13.0": 0.68160354,
    "t_14.0": 0.71835728,
    "t_15.0": 0.75486451,
    "t_16.0": 0.79064595,
    "t_17.0": 0.82535343,
    "t_18.0": 0.85874941,
    "t_19.0": 0.8906878,
    "t_20.0": 0.92109589
  },
  "mass_mean_t0": -0.003866,
  "mass_mean_tmax": 0.008063,
  "mass_drift": 0.01192867
}