{
  "experiment": "V3_G_combined_batch200",
  "optimizer": "SSBroyden2",
  "adam_epochs": 1000,
  "bfgs_iters": 50000,
  "adam_time_s": 585.09,
  "bfgs_time_s": 31693.83,
  "total_time_s": 32278.92,
  "final_adam_loss": 0.029221970478987835,
  "final_bfgs_loss": 0.0001329163748885258,
  "n_params": 1361,
  "l2_rel_error_overall": 0.9183234179306046,
  "l2_rel_error_per_t": [
    0.06365433534094736,
    0.4118651062431362,
    0.6740594137769899,
    0.8572083122405099,
    0.9864502654366891,
    1.0767098436268157,
    1.1382625415803682,
    1.1785549563566968,
    1.2031571746627279,
    1.2163872168809946,
    1.2217522912139458,
    1.2222657104513328,
    1.2206726656670073,
    1.2196042902393822,
    1.221668936895433,
    1.2294823656336955,
    1.245636834868109,
    1.2726151001365553,
    1.312668454654714,
    1.367692144120565,
    1.4391365642754939
  ],
  "l2_eval_times": [
    0.0,
    1.0,
    2.0,
    3.0,
    4.0,
    5.0,
    6.0,
    7.0,
    8.0,
    9.0,
    10.0,
    11.0,
    12.0,
    13.0,
    14.0,
    15.0,
    16.0,
    17.0,
    18.0,
    19.0,
    20.0
  ],
  "l2_threshold": 0.5,
  "iters_to_l2_rel_threshold": null,
  "threshold_cross_phase": null,
  "l2_rel_curve": [
    1.0082036741827978,
    1.50061185317526,
    1.2735569451746411,
    1.4926891257623252,
    1.5086861121515809,
    1.582310316619926,
    1.538158637363214,
    1.5309602582514417,
    1.5416877463285115,
    1.5201021005234137,
    1.5307554788024649,
    1.522159750443457,
    1.5343192287429213,
    1.512551178775693,
    1.5142546508897825,
    1.5008597768224212,
    1.5121764761911538,
    1.4848453120372598,
    1.4892654521316093,
    1.4762905604885588,
    1.4517739729031778,
    1.4407931537500218,
    1.431279412289128,
    1.417517937670004,
    1.4149181035589258,
    1.378763341553048,
    1.382407163069271,
    1.3597214936503168,
    1.3504922143420213,
    1.3421891036767564,
    1.3162458331587057,
    1.3134790576419826,
    1.2810680216736803,
    1.265956442319929,
    1.2663618458416521,
    1.2502520213316162,
    1.233344188056841,
    1.22115840313578,
    1.2146734985303567,
    1.2115644256503086,
    1.2008314306798515,
    1.1868782968483864,
    1.1797767891640802,
    1.1692428037940015,
    1.1620482898267464,
    1.1429574241574434,
    1.1368255659511821,
    1.1315151648885866,
    1.1235852290529331,
    1.117196801193381,
    1.1167747931160008,
    1.0834020444874346,
    1.099644410677352,
    1.0779523333459011,
    1.0749643828712696,
    1.0648947190905125,
    1.0650080370240347,
    1.0429261898707802,
    1.05198757524661,
    1.0515505713889892,
    1.0438521221298445,
    1.033088876929724,
    1.0384998287326677,
    1.0306022661219116,
    1.0118801184637518,
    1.0086775734324582,
    1.00915021615777,
    1.0017525922397148,
    1.0074163635880309,
    1.0018290496568256,
    1.012960741919171,
    0.9940387930189921,
    0.9922369163718964,
    1.0000720403805166,
    0.9996771487299708,
    0.9831182908478091,
    0.9922837733422075,
    0.9687916518240537,
    0.9701432996171082,
    0.9687116822920121,
    0.9804980768958719,
    0.9751382248862019,
    0.9682603787675201,
    0.9699605080080864,
    0.9749502800143754,
    0.9694668126925412,
    0.9607534035940845,
    0.9570928415124371,
    0.9590402743946812,
    0.9444556845712224,
    0.9459112594413829,
    0.939365133896866,
    0.940952046928122,
    0.937491544904204,
    0.9428262996301662,
    0.9437967864217817,
    0.9406786791705977,
    0.9402063951606805,
    0.9277309839043149,
    0.9265142024518505,
    0.9308709942454039,
    0.9183234179306046
  ],
  "l2_error_overall": 0.91832342,
  "l2_error_per_t": {
    "t_0.0": 0.06365434,
    "t_1.0": 0.41186511,
    "t_2.0": 0.67405941,
    "t_3.0": 0.85720831,
    "t_4.0": 0.98645027,
    "t_5.0": 1.07670984,
    "t_6.0": 1.13826254,
    "t_7.0": 1.17855496,
    "t_8.0": 1.20315717,
    "t_9.0": 1.21638722,
    "t_10.0": 1.22175229,
    "t_11.0": 1.22226571,
    "t_12.0": 1.22067267,
    "t_13.0": 1.21960429,
    "t_14.0": 1.22166894,
    "t_15.0": 1.22948237,
    "t_16.0": 1.24563683,
    "t_17.0": 1.2726151,
    "t_18.0": 1.31266845,
    "t_19.0": 1.36769214,
    "t_20.0": 1.43913656
  },
  "mass_mean_t0": -0.004126,
  "mass_mean_tmax": -0.007432,
  "mass_drift": 0.00330678
}