{
  "experiment": "V3_I_power_2",
  "optimizer": "SSBroyden2",
  "adam_epochs": 1000,
  "bfgs_iters": 50000,
  "adam_time_s": 307.33,
  "bfgs_time_s": 20828.64,
  "total_time_s": 21135.97,
  "final_adam_loss": 0.02972065730929714,
  "final_bfgs_loss": 1.9577354361521106e-05,
  "n_params": 1361,
  "l2_rel_error_overall": 0.45825545842600807,
  "l2_rel_error_per_t": [
    0.14702606108918417,
    0.325560871243999,
    0.43197646095240905,
    0.4703041407828308,
    0.4771551760727105,
    0.47310177824064376,
    0.4694810741629706,
    0.4717003753081378,
    0.48130848205776455,
    0.49761416633883343,
    0.51895066235826,
    0.5434982977969983,
    0.569688935610391,
    0.5963285731291769,
    0.6225792312973664,
    0.6478913573358306,
    0.6719308493199683,
    0.6945169167032159,
    0.7155741286965196,
    0.735097221475754,
    0.753126012289309
  ],
  "l2_eval_times": [
    0.0,
    1.0,
    2.0,
    3.0,
    4.0,
    5.0,
    6.0,
    7.0,
    8.0,
    9.0,
    10.0,
    11.0,
    12.0,
    13.0,
    14.0,
    15.0,
    16.0,
    17.0,
    18.0,
    19.0,
    20.0
  ],
  "l2_threshold": 0.5,
  "iters_to_l2_rel_threshold": 6000,
  "threshold_cross_phase": "SSBroyden2",
  "l2_rel_curve": [
    1.44220130107044,
    1.0066074249740995,
    0.9099193018495576,
    0.8386478958611367,
    0.5918462980179138,
    0.6311080050899376,
    0.5979465448776464,
    0.5776866307359807,
    0.535672009333481,
    0.5631391918715486,
    0.5489138540681473,
    0.49792748526468716,
    0.5263833191144703,
    0.5549155816812874,
    0.4806718101846857,
    0.5147428789458477,
    0.48610416554613056,
    0.49752708495732084,
    0.5024357522809619,
    0.5035319268160492,
    0.4883525787813173,
    0.49810316175501923,
    0.4890303445622645,
    0.48548512931881793,
    0.4855410099263269,
    0.49991814272304674,
    0.48014138150751073,
    0.47715102220377026,
    0.4907273043394649,
    0.4732800569700628,
    0.4734329806726672,
    0.46534788344573846,
    0.48298969730856256,
    0.46504565920839086,
    0.4897924331986877,
    0.4592722324477231,
    0.517075964081293,
    0.47178081936201466,
    0.48590564199339414,
    0.48070726889242926,
    0.46408499390964947,
    0.4597363755274022,
    0.4685120891645556,
    0.46354699653291165,
    0.4497141442579543,
    0.47570825313182047,
    0.4762964323818575,
    0.47167431012896927,
    0.4678447738120396,
    0.4666996303832714,
    0.4469428073980048,
    0.4715967891718516,
    0.48572840113201526,
    0.4690056698846901,
    0.47457165704590387,
    0.45261182005758094,
    0.4808069315765452,
    0.46573080586115356,
    0.47103424061358523,
    0.4579433999874334,
    0.4543798768520791,
    0.4801454844352271,
    0.4911901882930212,
    0.4532378848217932,
    0.4531779765581495,
    0.4597870278259335,
    0.4685472635625886,
    0.46206843163306865,
    0.4787033429924248,
    0.4419507441562036,
    0.46578926683090577,
    0.47298570311932264,
    0.43909652488854645,
    0.46061822350822235,
    0.46420911985578656,
    0.45422304033452643,
    0.4709758737401198,
    0.4540708403571714,
    0.46089790415130655,
    0.44631909234352013,
    0.4767219369108841,
    0.4559385238845646,
    0.45803736912025955,
    0.4589366170370814,
    0.45944457521140786,
    0.46099603367672204,
    0.45328496319003037,
    0.4526778859813154,
    0.47198320153464945,
    0.452294459615632,
    0.45174787396368843,
    0.4698875085220076,
    0.4651491686262987,
    0.45408085589518504,
    0.4680902189683289,
    0.4816625698763134,
    0.4612727105843432,
    0.4619306094744267,
    0.45991703575947507,
    0.47955444675104036,
    0.47159803673775585,
    0.45825545842600807
  ],
  "l2_error_overall": 0.45825546,
  "l2_error_per_t": {
    "t_0.0": 0.14702606,
    "t_1.0": 0.32556087,
    "t_2.0": 0.43197646,
    "t_3.0": 0.47030414,
    "t_4.0": 0.47715518,
    "t_5.0": 0.47310178,
    "t_6.0": 0.46948107,
    "t_7.0": 0.47170038,
    "t_8.0": 0.48130848,
    "t_9.0": 0.49761417,
    "t_10.0": 0.51895066,
    "t_11.0": 0.5434983,
    "t_12.0": 0.56968894,
    "t_13.0": 0.59632857,
    "t_14.0": 0.62257923,
    "t_15.0": 0.64789136,
    "t_16.0": 0.67193085,
    "t_17.0": 0.69451692,
    "t_18.0": 0.71557413,
    "t_19.0": 0.73509722,
    "t_20.0": 0.75312601
  },
  "mass_mean_t0": -0.003663,
  "mass_mean_tmax": -0.003137,
  "mass_drift": 0.00191847
}