{
  "experiment": "V3_C_rad_k2_0p5",
  "optimizer": "SSBroyden2",
  "adam_epochs": 1000,
  "bfgs_iters": 50000,
  "adam_time_s": 610.92,
  "bfgs_time_s": 43137.36,
  "total_time_s": 43748.28,
  "final_adam_loss": 0.030540806599770404,
  "final_bfgs_loss": 6.842198109330249e-05,
  "n_params": 1361,
  "l2_rel_error_overall": 0.5299717384819489,
  "l2_rel_error_per_t": [
    0.18990692214235064,
    0.3254095736399857,
    0.4306412233582359,
    0.4819891296654506,
    0.5087773081422713,
    0.5259514323337013,
    0.5408058302211824,
    0.5570436232113308,
    0.5763866543131986,
    0.5992979880079696,
    0.6255083332364381,
    0.6544089927188329,
    0.6852882783832658,
    0.7174479189348292,
    0.7502532542203538,
    0.7831536095866767,
    0.8156897193898149,
    0.8474941710443973,
    0.8782869012786907,
    0.9078670496191393,
    0.936102565527527
  ],
  "l2_eval_times": [
    0.0,
    1.0,
    2.0,
    3.0,
    4.0,
    5.0,
    6.0,
    7.0,
    8.0,
    9.0,
    10.0,
    11.0,
    12.0,
    13.0,
    14.0,
    15.0,
    16.0,
    17.0,
    18.0,
    19.0,
    20.0
  ],
  "l2_threshold": 0.5,
  "iters_to_l2_rel_threshold": null,
  "threshold_cross_phase": null,
  "l2_rel_curve": [
    0.9934882261134678,
    3.4717076389815813,
    1.1015346564521513,
    1.035794762439857,
    0.8108760820097861,
    0.7725197155316434,
    0.7303689768989763,
    0.7134629588822541,
    0.7349627559542182,
    0.6585780329706666,
    0.6267214376557324,
    0.7077690143188056,
    0.6339285549258388,
    0.7403159191580262,
    0.64832792209768,
    0.6776063849952991,
    0.634876187868862,
    0.6736306543091324,
    0.6302319966361594,
    0.7463348714256456,
    0.6236335930640993,
    0.7944830624455652,
    0.6669872299986883,
    0.7142954837658523,
    0.6142294323050385,
    0.6321857305891022,
    0.606681895627211,
    0.6705193282525249,
    0.6038508573806399,
    0.6423013715304704,
    0.7035456343150561,
    0.6529117567641561,
    0.6519668144283308,
    0.7344854089854668,
    0.6428322428139223,
    0.6602755746164511,
    0.6510893050962347,
    0.6125026516322967,
    0.807587681938893,
    0.5714849694408872,
    0.5833073923046335,
    0.6012948692680578,
    0.6831526493992771,
    0.654816270292143,
    0.5883140850209774,
    0.5711652401574099,
    0.5931631544045187,
    0.5544897777507254,
    0.5778483561998332,
    0.6440866792217718,
    0.5643800297085309,
    0.6212825143481803,
    0.5860781553563758,
    0.6028889100433928,
    0.598043471900419,
    0.5763438071792668,
    0.6139199448065601,
    0.5907731510816251,
    0.670808883919886,
    0.5747944942115105,
    0.6843271985764448,
    0.5496424113257784,
    0.5368107365506577,
    0.6119343230576845,
    0.6940667447800484,
    0.5487314364716149,
    0.5639693026968543,
    0.6024962281300593,
    0.5755131585187421,
    0.5931005544769221,
    0.6210027090678222,
    0.6155001643135055,
    0.6255921104534856,
    0.5128756577296694,
    0.5600365236288181,
    0.6191370080248149,
    0.599097521806125,
    0.5569982554723617,
    0.6444851421722178,
    0.5434736589305581,
    0.6085824265087698,
    0.5291413612569772,
    0.5731993466150932,
    0.5326994603153065,
    0.5540360638323545,
    0.5360975966600815,
    0.656400591246874,
    0.629218857352723,
    0.5287678607204879,
    0.5499550585655588,
    0.5659178635615968,
    0.5368098088386444,
    0.7346212950644878,
    0.5445658206401327,
    0.6072614000458881,
    0.5697830110467758,
    0.5357449793178144,
    0.5308303784119974,
    0.6462186504891568,
    0.5205470074486093,
    0.5156841122486953,
    0.5299717384819489
  ],
  "l2_error_overall": 0.52997174,
  "l2_error_per_t": {
    "t_0.0": 0.18990692,
    "t_1.0": 0.32540957,
    "t_2.0": 0.43064122,
    "t_3.0": 0.48198913,
    "t_4.0": 0.50877731,
    "t_5.0": 0.52595143,
    "t_6.0": 0.54080583,
    "t_7.0": 0.55704362,
    "t_8.0": 0.57638665,
    "t_9.0": 0.59929799,
    "t_10.0": 0.62550833,
    "t_11.0": 0.65440899,
    "t_12.0": 0.68528828,
    "t_13.0": 0.71744792,
    "t_14.0": 0.75025325,
    "t_15.0": 0.78315361,
    "t_16.0": 0.81568972,
    "t_17.0": 0.84749417,
    "t_18.0": 0.8782869,
    "t_19.0": 0.90786705,
    "t_20.0": 0.93610257
  },
  "mass_mean_t0": -0.003419,
  "mass_mean_tmax": 0.007647,
  "mass_drift": 0.01106623
}