{
  "experiment": "F5_adam_resample_200",
  "optimizer": "SSBroyden2",
  "adam_epochs": 1000,
  "bfgs_iters": 50000,
  "adam_time_s": 751.61,
  "bfgs_time_s": 36190.63,
  "total_time_s": 36942.24,
  "final_adam_loss": 0.03146667211117869,
  "final_bfgs_loss": 0.0003320763321603388,
  "n_params": 1361,
  "l2_rel_error_overall": 1.1957178142315223,
  "l2_rel_error_per_t": [
    0.5255555479020149,
    0.5589702544391925,
    0.6517658656681421,
    0.7585344500602872,
    0.865710366206977,
    0.9693113164887336,
    1.0683191764128412,
    1.162674096964296,
    1.252625537072419,
    1.3385085933690644,
    1.4206643375045256,
    1.4994121546717376,
    1.5750416902055553,
    1.6478122878978483,
    1.717955174244959,
    1.7856764753031764,
    1.8511602924908301,
    1.9145715390478777,
    1.9760584417007556,
    2.0357546987218464,
    2.093781320954705
  ],
  "l2_eval_times": [
    0.0,
    0.5,
    1.0,
    1.5,
    2.0,
    2.5,
    3.0,
    3.5,
    4.0,
    4.5,
    5.0,
    5.5,
    6.0,
    6.5,
    7.0,
    7.5,
    8.0,
    8.5,
    9.0,
    9.5,
    10.0
  ],
  "l2_threshold": 0.5,
  "iters_to_l2_rel_threshold": null,
  "threshold_cross_phase": null,
  "l2_rel_curve": [
    1.11286322272934,
    1.0245772754490874,
    1.2660200166774787,
    1.2913292726922057,
    1.3140532256947592,
    1.2726779971876914,
    1.3068575909908997,
    1.307786026649089,
    1.2128067473508248,
    1.3185992632571626,
    1.2717041304149665,
    1.259373397332251,
    1.220595347699203,
    1.2931758376644054,
    1.2364399104688455,
    1.25185608980317,
    1.2812233645511526,
    1.3108988707092164,
    1.2538560797769016,
    1.2763765135520029,
    1.2760021065341536,
    1.2479360376604864,
    1.275155843193966,
    1.2595347872008429,
    1.2397906670254466,
    1.2461415518919692,
    1.2518242028410056,
    1.2164279349827531,
    1.285118762685547,
    1.2334980301154905,
    1.2645369864177018,
    1.2290307370001465,
    1.2662028324225907,
    1.2716951182036387,
    1.2387661582070526,
    1.2659600596757474,
    1.2971245637753674,
    1.2653053871163715,
    1.2815135259129453,
    1.2672581628962003,
    1.2351527210266042,
    1.165729103157185,
    1.2727848008904266,
    1.2479241779478387,
    1.2391335246625232,
    1.250903107524141,
    1.22492676760649,
    1.2693975707331775,
    1.2431356005755612,
    1.2117715000729732,
    1.229831573535833,
    1.2370705475433776,
    1.2091651398582863,
    1.2599550023791646,
    1.2562798874643561,
    1.2789645702793153,
    1.2078314524169123,
    1.1918598420333317,
    1.1533541086108958,
    1.2318935817336376,
    1.2054468883033094,
    1.2603883032827035,
    1.2275427195685762,
    1.195959793994725,
    1.2151141042676876,
    1.1636011440188363,
    1.2533134798474115,
    1.230114710182576,
    1.2108045982850215,
    1.1783072862160857,
    1.1766993032768749,
    1.2064977335323912,
    1.2172300740973772,
    1.220403792625771,
    1.2298890740364405,
    1.2128951417069653,
    1.22082214011755,
    1.2460178871036398,
    1.1746451792878052,
    1.2161812352199357,
    1.2263155692641028,
    1.1809797960219668,
    1.250961372417632,
    1.1742215512449208,
    1.215636330412952,
    1.2466144976029057,
    1.2377279586821053,
    1.1773300222059258,
    1.240188339299999,
    1.2540413289859433,
    1.1844760656662454,
    1.1973923166452447,
    1.2079024557749498,
    1.220246193514873,
    1.1920235893266413,
    1.1538743094475141,
    1.2114711866468117,
    1.2113130836860404,
    1.193580103649934,
    1.2130919127548427,
    1.2295182184931428,
    1.1957178142315223
  ],
  "l2_error_overall": 1.19571781,
  "l2_error_per_t": {
    "t_0.0": 0.52555555,
    "t_0.5": 0.55897025,
    "t_1.0": 0.65176587,
    "t_1.5": 0.75853445,
    "t_2.0": 0.86571037,
    "t_2.5": 0.96931132,
    "t_3.0": 1.06831918,
    "t_3.5": 1.1626741,
    "t_4.0": 1.25262554,
    "t_4.5": 1.33850859,
    "t_5.0": 1.42066434,
    "t_5.5": 1.49941215,
    "t_6.0": 1.57504169,
    "t_6.5": 1.64781229,
    "t_7.0": 1.71795517,
    "t_7.5": 1.78567648,
    "t_8.0": 1.85116029,
    "t_8.5": 1.91457154,
    "t_9.0": 1.97605844,
    "t_9.5": 2.0357547,
    "t_10.0": 2.09378132
  },
  "mass_mean_t0": -0.004078,
  "mass_mean_tmax": -0.003737,
  "mass_drift": 0.00034157
}