{
  "experiment": "V3_D_batch_200",
  "optimizer": "SSBroyden2",
  "adam_epochs": 1000,
  "bfgs_iters": 50000,
  "adam_time_s": 281.52,
  "bfgs_time_s": 20956.24,
  "total_time_s": 21237.76,
  "final_adam_loss": 0.03053902262685226,
  "final_bfgs_loss": 8.529194339797879e-05,
  "n_params": 1361,
  "l2_rel_error_overall": 0.5235308520486749,
  "l2_rel_error_per_t": [
    0.1740348519400886,
    0.34766123781859476,
    0.47431121000422016,
    0.5389925743869045,
    0.5705667450640152,
    0.5849618519747551,
    0.5913644625513067,
    0.5951377638884321,
    0.599313994511766,
    0.6054709726945917,
    0.6142936223509875,
    0.6259439052236989,
    0.6403016578234746,
    0.6571159881106482,
    0.6760956722047301,
    0.6969593871705574,
    0.7194606306979702,
    0.7433974695259256,
    0.7686137383594622,
    0.7949958255474817,
    0.82246751395588
  ],
  "l2_eval_times": [
    0.0,
    1.0,
    2.0,
    3.0,
    4.0,
    5.0,
    6.0,
    7.0,
    8.0,
    9.0,
    10.0,
    11.0,
    12.0,
    13.0,
    14.0,
    15.0,
    16.0,
    17.0,
    18.0,
    19.0,
    20.0
  ],
  "l2_threshold": 0.5,
  "iters_to_l2_rel_threshold": 47500,
  "threshold_cross_phase": "SSBroyden2",
  "l2_rel_curve": [
    0.9934882274694329,
    3.466295054404723,
    1.3850216329226834,
    1.6258663183776023,
    1.1016392143648408,
    1.041173390487389,
    1.0934728127729694,
    0.8990525730640656,
    0.786765651230457,
    0.8714620163926184,
    0.8287632698851589,
    0.9282375583118437,
    0.8092759579270165,
    0.7293725498672873,
    0.8171557822083129,
    0.7117093727167122,
    0.7087126737335886,
    0.7477473987760388,
    0.678468541082139,
    0.6975296533401362,
    0.6655767421396098,
    0.7407223921263087,
    0.6476724975744038,
    0.7269043836194118,
    0.6983410893817187,
    0.6792864580351841,
    0.6623263737885506,
    0.6756492872442345,
    0.6191313692374847,
    0.7037159635131699,
    0.7159129754512707,
    0.7653848078708116,
    0.6494135127372282,
    0.6547575188523378,
    0.6309369791034632,
    0.7070979895403138,
    0.6650111405686246,
    0.613613673090541,
    0.6680559856375178,
    0.5771270698934294,
    0.6348774906488972,
    0.5699307150266184,
    0.587512895788358,
    0.6001041030441983,
    0.5778404087814322,
    0.6027400450382423,
    0.606653383604699,
    0.5774150459815206,
    0.5961505924598733,
    0.5550237219987133,
    0.5510928002178745,
    0.5920548764511522,
    0.5888516508850766,
    0.6449272517518426,
    0.6169446551137074,
    0.5500885421060777,
    0.5742456369413916,
    0.5465468606008377,
    0.5628951612375092,
    0.5771019016446647,
    0.5854481495841863,
    0.564915609728663,
    0.5669724313089975,
    0.6170642066627713,
    0.5720835248466131,
    0.5630863437165303,
    0.6110575516944977,
    0.5558686294673557,
    0.575221568783742,
    0.5565225375233511,
    0.5428357323735752,
    0.5374849920891375,
    0.5967046871503034,
    0.5768208239340572,
    0.5506692704689434,
    0.5665416318084405,
    0.5294022234229501,
    0.5612759756519461,
    0.5319125428456636,
    0.5833816638715227,
    0.5312569028188978,
    0.5618449047331333,
    0.5523829667971955,
    0.5280750624854884,
    0.5670418156030912,
    0.5690724618047894,
    0.5919500863701164,
    0.5437888126957545,
    0.5714676404606925,
    0.5773175147035559,
    0.5737935059236725,
    0.5440431341967678,
    0.5207786080724588,
    0.5685366530532726,
    0.4985558540190746,
    0.5595285145317838,
    0.5311667121518873,
    0.5588211914692175,
    0.4992404984929547,
    0.5508772597438855,
    0.5150428963732755,
    0.5235308520486749
  ],
  "l2_error_overall": 0.52353085,
  "l2_error_per_t": {
    "t_0.0": 0.17403485,
    "t_1.0": 0.34766124,
    "t_2.0": 0.47431121,
    "t_3.0": 0.53899257,
    "t_4.0": 0.57056675,
    "t_5.0": 0.58496185,
    "t_6.0": 0.59136446,
    "t_7.0": 0.59513776,
    "t_8.0": 0.59931399,
    "t_9.0": 0.60547097,
    "t_10.0": 0.61429362,
    "t_11.0": 0.62594391,
    "t_12.0": 0.64030166,
    "t_13.0": 0.65711599,
    "t_14.0": 0.67609567,
    "t_15.0": 0.69695939,
    "t_16.0": 0.71946063,
    "t_17.0": 0.74339747,
    "t_18.0": 0.76861374,
    "t_19.0": 0.79499583,
    "t_20.0": 0.82246751
  },
  "mass_mean_t0": -0.005032,
  "mass_mean_tmax": -0.003157,
  "mass_drift": 0.00198062
}