{
  "experiment": "F4_points_5k",
  "optimizer": "SSBroyden2",
  "adam_epochs": 1000,
  "bfgs_iters": 50000,
  "adam_time_s": 240.57,
  "bfgs_time_s": 18687.26,
  "total_time_s": 18927.83,
  "final_adam_loss": 0.029815405867436678,
  "final_bfgs_loss": 19342277.838689823,
  "n_params": 1361,
  "l2_rel_error_overall": 1.9112765159256697,
  "l2_rel_error_per_t": [
    1.371759157694142,
    1.4835901285722966,
    1.5773006305831396,
    1.6616038614028905,
    1.739462215757934,
    1.812461084707921,
    1.8815273819392477,
    1.9472766091420142,
    2.010213744371771,
    2.0706165017987814,
    2.1287577952835184,
    2.184882792063824,
    2.2391235573356,
    2.291669737909562,
    2.3426999849428563,
    2.3922773018584,
    2.4404787432001758,
    2.487477010195372,
    2.533351914844168,
    2.5781119965009855,
    2.621889796085987
  ],
  "l2_eval_times": [
    0.0,
    0.5,
    1.0,
    1.5,
    2.0,
    2.5,
    3.0,
    3.5,
    4.0,
    4.5,
    5.0,
    5.5,
    6.0,
    6.5,
    7.0,
    7.5,
    8.0,
    8.5,
    9.0,
    9.5,
    10.0
  ],
  "l2_threshold": 0.5,
  "iters_to_l2_rel_threshold": null,
  "threshold_cross_phase": null,
  "l2_rel_curve": [
    1.1255489971940853,
    1.048308300189582,
    1.0236514465335942,
    1.0143902472385145,
    0.994237735488455,
    1.0907353011788585,
    1.013022395190461,
    0.992403887096387,
    0.9977811303368537,
    1.0126683958505764,
    0.9995101528729503,
    0.9956313756454453,
    1.0409050172239058,
    1.0265067158852912,
    0.9865908078023216,
    0.9883862889750227,
    0.9876763752364017,
    0.9929118493935977,
    1.0060902082468834,
    1.0261256408311414,
    1.0135314252105974,
    0.9887673746428682,
    0.9905536230742704,
    0.9888081175325215,
    0.9893258973838681,
    0.9924892873492357,
    0.9883834406786485,
    0.9906792524388658,
    0.9889636569639184,
    0.9993003587520466,
    0.9981596743286542,
    0.9998536727486577,
    0.995965827097187,
    0.9894412847876936,
    0.9888149810036017,
    0.9884558995161383,
    1.018313931824654,
    0.9949396607097343,
    0.9887081791332889,
    1.0005627312454481,
    0.9889437187749809,
    0.9891078869441129,
    0.9890341592660581,
    0.989009223506666,
    0.9886533915432129,
    0.9908905886976522,
    0.9899879491432012,
    0.988147262022825,
    1.0012761625660924,
    0.9980093556721954,
    0.9965709163907281,
    0.996215778191943,
    1.0104876236210647,
    1.001791338950916,
    106.31590963394515,
    1.0198228389126853,
    1.1651704589941128,
    0.9884080419273444,
    0.9988525015233545,
    0.9992320418644351,
    0.9955904180023706,
    0.9889462510096944,
    1.0006231439109219,
    0.9885725005458553,
    0.9912782069126205,
    0.9897979993366414,
    0.9894136486221095,
    0.988902798665968,
    0.9883873718456998,
    0.988346021690309,
    0.988439668256299,
    0.9902407563769342,
    0.9993728262143616,
    0.9940865715922473,
    0.9954745162153399,
    0.9897053179724475,
    0.9902108780351825,
    0.9969141324424442,
    0.9858273805685176,
    0.9891419078450467,
    0.993988938353455,
    0.9884422867947772,
    0.9873724056185083,
    0.9870768279740271,
    0.9890480912447118,
    0.9883794229590476,
    0.9874312854783048,
    0.9892876560612648,
    0.988829192196039,
    0.9893963100508508,
    0.9891672035175347,
    0.9882531739304887,
    0.9872594039851514,
    0.9883408258230064,
    0.9897649538566918,
    0.989939811566467,
    0.9917418877196061,
    1.045223953234872,
    1.0458373269343146,
    38.313998510596505,
    1.2163811525397994,
    1.9112765159256697
  ],
  "l2_error_overall": 1.91127652,
  "l2_error_per_t": {
    "t_0.0": 1.37175916,
    "t_0.5": 1.48359013,
    "t_1.0": 1.57730063,
    "t_1.5": 1.66160386,
    "t_2.0": 1.73946222,
    "t_2.5": 1.81246108,
    "t_3.0": 1.88152738,
    "t_3.5": 1.94727661,
    "t_4.0": 2.01021374,
    "t_4.5": 2.0706165,
    "t_5.0": 2.1287578,
    "t_5.5": 2.18488279,
    "t_6.0": 2.23912356,
    "t_6.5": 2.29166974,
    "t_7.0": 2.34269998,
    "t_7.5": 2.3922773,
    "t_8.0": 2.44047874,
    "t_8.5": 2.48747701,
    "t_9.0": 2.53335191,
    "t_9.5": 2.578112,
    "t_10.0": 2.6218898
  },
  "mass_mean_t0": -0.080004,
  "mass_mean_tmax": -0.079984,
  "mass_drift": 1.995e-05
}