{
  "experiment": "V3_D_batch_200",
  "optimizer": "SSBroyden2",
  "adam_epochs": 1000,
  "bfgs_iters": 50000,
  "adam_time_s": 393.32,
  "bfgs_time_s": 24131.2,
  "total_time_s": 24524.52,
  "final_adam_loss": 0.02972065730929714,
  "final_bfgs_loss": 5.682931399208292e-05,
  "n_params": 1361,
  "l2_rel_error_overall": 0.4273237564959204,
  "l2_rel_error_per_t": [
    0.13508465289982532,
    0.31004717043517477,
    0.42158097224218677,
    0.46685450383934224,
    0.48126429128063286,
    0.48302690909202,
    0.48130306261067146,
    0.48046869065141545,
    0.48229853462775796,
    0.4871526083879827,
    0.49469040851003665,
    0.5043080085534797,
    0.515381217131408,
    0.527377008780343,
    0.5398863718610046,
    0.5526173540238896,
    0.5653722836536217,
    0.5780221311095385,
    0.5904841057220525,
    0.6027046730948553,
    0.61464807697193
  ],
  "l2_eval_times": [
    0.0,
    1.0,
    2.0,
    3.0,
    4.0,
    5.0,
    6.0,
    7.0,
    8.0,
    9.0,
    10.0,
    11.0,
    12.0,
    13.0,
    14.0,
    15.0,
    16.0,
    17.0,
    18.0,
    19.0,
    20.0
  ],
  "l2_threshold": 0.5,
  "iters_to_l2_rel_threshold": 8500,
  "threshold_cross_phase": "SSBroyden2",
  "l2_rel_curve": [
    1.44220130107044,
    1.0066074249740995,
    1.4547483462196644,
    0.8429110854846669,
    0.79842063967258,
    0.7415731769646745,
    0.7822195410666201,
    0.6710042542392428,
    0.6739448897429868,
    0.6190754419545336,
    0.583354771641085,
    0.5803616959566045,
    0.580607505741787,
    0.5392149166100585,
    0.5240145218387129,
    0.5586758727533518,
    0.4988377786430744,
    0.5193662157616074,
    0.4582918939989376,
    0.5393916689765449,
    0.5189443036436368,
    0.5098279703672254,
    0.5067494329952319,
    0.5154055679600129,
    0.4984198266775769,
    0.5090857335284561,
    0.48481720032562853,
    0.48578051463272776,
    0.48211695522925097,
    0.4621783506606075,
    0.48446992496520475,
    0.5448779517057398,
    0.4760525261110406,
    0.48150728441370033,
    0.4527901797494265,
    0.4712246325514533,
    0.49236048631838925,
    0.4781829566113768,
    0.48375437876594096,
    0.4991070587051196,
    0.48161402437458667,
    0.45375578713457093,
    0.47768681651607225,
    0.48794368088442314,
    0.4973736965025052,
    0.5047575118073425,
    0.4812427470382967,
    0.44647743615626223,
    0.4548100634842835,
    0.4748684400204913,
    0.4535951572749021,
    0.4407736928242806,
    0.5200771576325351,
    0.4738727201398637,
    0.4775637655957335,
    0.48304761295725646,
    0.4523869357605401,
    0.4707157378976125,
    0.45914301555097176,
    0.4355097198123726,
    0.4757992322775252,
    0.43630101302696167,
    0.44328886927025424,
    0.46198475889440743,
    0.47870889343763,
    0.4582341768779436,
    0.46905620317762003,
    0.45830325242881725,
    0.4525587547282984,
    0.479965550467145,
    0.45366956486698984,
    0.46633244853159306,
    0.44658600148967775,
    0.448356051964176,
    0.4318809654070795,
    0.4341476352805792,
    0.40750188615634325,
    0.48323288773278755,
    0.4321906165323309,
    0.43007520081400274,
    0.4325092605591807,
    0.4582471177799605,
    0.43651904018329746,
    0.4345227832266744,
    0.4252642237338579,
    0.42511136736853067,
    0.4222226240933331,
    0.4344435559209565,
    0.4203734844767697,
    0.43028026338968905,
    0.4458596733428652,
    0.44106634185596033,
    0.45233035064334337,
    0.4472084352310607,
    0.4421737909962958,
    0.42089499138131686,
    0.41998714598574355,
    0.3945173089108681,
    0.3795375014873874,
    0.39121489776609214,
    0.3985818415755723,
    0.4273237564959204
  ],
  "l2_error_overall": 0.42732376,
  "l2_error_per_t": {
    "t_0.0": 0.13508465,
    "t_1.0": 0.31004717,
    "t_2.0": 0.42158097,
    "t_3.0": 0.4668545,
    "t_4.0": 0.48126429,
    "t_5.0": 0.48302691,
    "t_6.0": 0.48130306,
    "t_7.0": 0.48046869,
    "t_8.0": 0.48229853,
    "t_9.0": 0.48715261,
    "t_10.0": 0.49469041,
    "t_11.0": 0.50430801,
    "t_12.0": 0.51538122,
    "t_13.0": 0.52737701,
    "t_14.0": 0.53988637,
    "t_15.0": 0.55261735,
    "t_16.0": 0.56537228,
    "t_17.0": 0.57802213,
    "t_18.0": 0.59048411,
    "t_19.0": 0.60270467,
    "t_20.0": 0.61464808
  },
  "mass_mean_t0": -0.004423,
  "mass_mean_tmax": -0.008323,
  "mass_drift": 0.0042156
}