{
  "experiment": "V3_I_power_2",
  "optimizer": "SSBroyden2",
  "adam_epochs": 1000,
  "bfgs_iters": 50000,
  "adam_time_s": 292.47,
  "bfgs_time_s": 31964.08,
  "total_time_s": 32256.56,
  "final_adam_loss": 0.03042360530420233,
  "final_bfgs_loss": 1.861383525019007e-05,
  "n_params": 1361,
  "l2_rel_error_overall": 0.4059286517709725,
  "l2_rel_error_per_t": [
    0.1616049657499901,
    0.32024210241294987,
    0.41649936633371915,
    0.4458075778036867,
    0.44305271967256626,
    0.4279809163513693,
    0.4117812509977733,
    0.4005001775731809,
    0.396872159804449,
    0.4014532525025632,
    0.41349277677322294,
    0.4316421021401012,
    0.45444842934058705,
    0.4806166475072553,
    0.5090975691419213,
    0.5390823581774126,
    0.569961759300092,
    0.6012806132505354,
    0.632699235721534,
    0.6639639620218245,
    0.6948856832903595
  ],
  "l2_eval_times": [
    0.0,
    1.0,
    2.0,
    3.0,
    4.0,
    5.0,
    6.0,
    7.0,
    8.0,
    9.0,
    10.0,
    11.0,
    12.0,
    13.0,
    14.0,
    15.0,
    16.0,
    17.0,
    18.0,
    19.0,
    20.0
  ],
  "l2_threshold": 0.5,
  "iters_to_l2_rel_threshold": 6500,
  "threshold_cross_phase": "SSBroyden2",
  "l2_rel_curve": [
    1.4890089099528807,
    3.296795562647541,
    0.9955702499764003,
    0.7509895150292556,
    0.6102638642838503,
    0.5961568658245481,
    0.5462783506866876,
    0.6117440849452425,
    0.522528824915523,
    0.5146071720704744,
    0.5305789732981904,
    0.5508290303453807,
    0.4706507901894289,
    0.5002206743148326,
    0.4975286798373514,
    0.4960220638074975,
    0.4743842043066714,
    0.4739919256074921,
    0.5013273543770566,
    0.49243393182745265,
    0.49009022886813614,
    0.4490492683426509,
    0.4820446695005141,
    0.4683530554211734,
    0.4798214695622297,
    0.4612060584043659,
    0.4622533457276346,
    0.449677324000514,
    0.45970351542291976,
    0.4780559829075722,
    0.4340082595394841,
    0.4927504076590444,
    0.4615981506253043,
    0.42507222587942256,
    0.4628664254979975,
    0.4396136387788985,
    0.4555406388209849,
    0.4872077555764868,
    0.4226563073705643,
    0.4505830636466179,
    0.43885990269421954,
    0.4412110977104636,
    0.4209501359413126,
    0.44470786364222115,
    0.40699438196312737,
    0.43994396023439525,
    0.4250038505463097,
    0.45426809819572594,
    0.43650891599444513,
    0.4521129178025264,
    0.4207647636956999,
    0.4215439977580732,
    0.4602372976675308,
    0.40587443270165147,
    0.44260305696288593,
    0.4397058078124611,
    0.4248616953895583,
    0.4631514925656344,
    0.44527553821363663,
    0.42798021841373063,
    0.4336349531728467,
    0.43266681015008795,
    0.43356138036102293,
    0.4397897196163203,
    0.43151951016560697,
    0.439983951995101,
    0.4597928910181385,
    0.447903199675608,
    0.42914311744282646,
    0.44527453244195064,
    0.42112428961815424,
    0.42973640044565303,
    0.4309508308662617,
    0.4286004260035027,
    0.43276993700487615,
    0.42876393575060645,
    0.4124289589806953,
    0.4062845768308021,
    0.4238394148067579,
    0.4321565820894261,
    0.41897463340680413,
    0.4229434805094974,
    0.4174508823732559,
    0.43673962851962256,
    0.4304166670763499,
    0.43109473120728997,
    0.426991739838881,
    0.420466561821833,
    0.40647689996519465,
    0.4267552789235022,
    0.4407197136302456,
    0.44642452317395426,
    0.3905350224928476,
    0.42524398549684744,
    0.4188058087411542,
    0.41421953877946094,
    0.43143252674752913,
    0.43116863476841866,
    0.42032636267143686,
    0.4064699028563867,
    0.42283531563033694,
    0.4059286517709725
  ],
  "l2_error_overall": 0.40592865,
  "l2_error_per_t": {
    "t_0.0": 0.16160497,
    "t_1.0": 0.3202421,
    "t_2.0": 0.41649937,
    "t_3.0": 0.44580758,
    "t_4.0": 0.44305272,
    "t_5.0": 0.42798092,
    "t_6.0": 0.41178125,
    "t_7.0": 0.40050018,
    "t_8.0": 0.39687216,
    "t_9.0": 0.40145325,
    "t_10.0": 0.41349278,
    "t_11.0": 0.4316421,
    "t_12.0": 0.45444843,
    "t_13.0": 0.48061665,
    "t_14.0": 0.50909757,
    "t_15.0": 0.53908236,
    "t_16.0": 0.56996176,
    "t_17.0": 0.60128061,
    "t_18.0": 0.63269924,
    "t_19.0": 0.66396396,
    "t_20.0": 0.69488568
  },
  "mass_mean_t0": -0.004381,
  "mass_mean_tmax": 0.00449,
  "mass_drift": 0.00887045
}