{
  "experiment": "V3_H_combined_warmup2k",
  "optimizer": "SSBroyden2",
  "adam_epochs": 2000,
  "bfgs_iters": 49000,
  "adam_time_s": 1385.97,
  "bfgs_time_s": 54555.6,
  "total_time_s": 55941.57,
  "final_adam_loss": 0.03065975479309225,
  "final_bfgs_loss": 4.8182935552432305e-05,
  "n_params": 1361,
  "l2_rel_error_overall": 0.46292708475669525,
  "l2_rel_error_per_t": [
    0.058236739591228825,
    0.2940043850553496,
    0.4044824869506667,
    0.4436945237028292,
    0.4530706643448189,
    0.45478275022499004,
    0.4599174188487121,
    0.47242997281487287,
    0.4922449761506648,
    0.5176065557102756,
    0.5464666017588992,
    0.5770828119879292,
    0.6081682975956945,
    0.6388511588327017,
    0.6685781067499383,
    0.6970182191341061,
    0.72398612564619,
    0.7493881997534892,
    0.7731886939528257,
    0.795390290249217,
    0.816023419176591
  ],
  "l2_eval_times": [
    0.0,
    1.0,
    2.0,
    3.0,
    4.0,
    5.0,
    6.0,
    7.0,
    8.0,
    9.0,
    10.0,
    11.0,
    12.0,
    13.0,
    14.0,
    15.0,
    16.0,
    17.0,
    18.0,
    19.0,
    20.0
  ],
  "l2_threshold": 0.5,
  "iters_to_l2_rel_threshold": 16000,
  "threshold_cross_phase": "SSBroyden2",
  "l2_rel_curve": [
    1.1258983655141286,
    2.7537162388556666,
    1.0880712934408863,
    0.9477220215550857,
    0.9391774876369028,
    0.8788780758382095,
    0.702227556004551,
    0.6586963442825877,
    0.7372647803315734,
    0.6434278053020219,
    0.6405279009614885,
    0.6197055131545233,
    0.6044656291623458,
    0.5829757614340056,
    0.5674854317045476,
    0.5489342112104196,
    0.5760378851071402,
    0.5425498881735292,
    0.5288439025813558,
    0.5362106829725801,
    0.5296771377571187,
    0.514430795569487,
    0.5250688377220334,
    0.512372600932612,
    0.5253230428373811,
    0.5263510790184371,
    0.5070853584004726,
    0.5043556397818949,
    0.5208601531326092,
    0.5002446413087182,
    0.5181872340534235,
    0.4958413073811578,
    0.4876821825442623,
    0.48601972152425543,
    0.5233753556733222,
    0.4967455488165553,
    0.4835265578112402,
    0.5535391226491765,
    0.4973262897606214,
    0.5097713958500509,
    0.49840133274842907,
    0.4861490967506834,
    0.48730829599687053,
    0.48860108040224154,
    0.4891099892365958,
    0.47933381081545273,
    0.4937978607874179,
    0.4850245450784389,
    0.48968244891848983,
    0.4804994569744414,
    0.4980920138247467,
    0.4881982827758041,
    0.4910623811448007,
    0.4812400081460419,
    0.47647511696260286,
    0.4792305063894067,
    0.4879443201927518,
    0.48844053664912856,
    0.4867025363098121,
    0.4689036272139759,
    0.4865252656616232,
    0.47437609256215446,
    0.47971560399036506,
    0.4808565562437863,
    0.47071764730463916,
    0.47455316332203673,
    0.46723603166096145,
    0.4854703582646796,
    0.47682981485222903,
    0.47586723686844207,
    0.47168770095726814,
    0.47105863405422416,
    0.4859948404747345,
    0.4717398891631189,
    0.475680057742432,
    0.4819170033818917,
    0.4772432320934667,
    0.47036425410707716,
    0.48219570607061574,
    0.4793025169214138,
    0.4708915679623661,
    0.4651461620482089,
    0.47320641331784147,
    0.46717864903249345,
    0.46974998236301124,
    0.46285488527437546,
    0.4746675033477996,
    0.4649084281756714,
    0.4705673991672282,
    0.46951569010134336,
    0.46910127748282826,
    0.4689040435471778,
    0.4635567095394346,
    0.4640113410596792,
    0.47443467259073896,
    0.4620612497998373,
    0.46471966684813537,
    0.458472676726305,
    0.46959800691060993,
    0.46577217040591845,
    0.46527739113485217,
    0.46292708475669525
  ],
  "l2_error_overall": 0.46292708,
  "l2_error_per_t": {
    "t_0.0": 0.05823674,
    "t_1.0": 0.29400439,
    "t_2.0": 0.40448249,
    "t_3.0": 0.44369452,
    "t_4.0": 0.45307066,
    "t_5.0": 0.45478275,
    "t_6.0": 0.45991742,
    "t_7.0": 0.47242997,
    "t_8.0": 0.49224498,
    "t_9.0": 0.51760656,
    "t_10.0": 0.5464666,
    "t_11.0": 0.57708281,
    "t_12.0": 0.6081683,
    "t_13.0": 0.63885116,
    "t_14.0": 0.66857811,
    "t_15.0": 0.69701822,
    "t_16.0": 0.72398613,
    "t_17.0": 0.7493882,
    "t_18.0": 0.77318869,
    "t_19.0": 0.79539029,
    "t_20.0": 0.81602342
  },
  "mass_mean_t0": -0.003564,
  "mass_mean_tmax": 0.000291,
  "mass_drift": 0.00478434
}