{
  "experiment": "ssbroyden2_64",
  "optimizer": "SSBroyden2",
  "adam_epochs": 1000,
  "bfgs_iters": 50000,
  "adam_time_s": 375.52,
  "bfgs_time_s": 37990.45,
  "total_time_s": 38365.97,
  "final_adam_loss": 0.03042359037707529,
  "final_bfgs_loss": 1.0795950691960357e-05,
  "n_params": 1361,
  "mass_mean_t0": -0.004516,
  "mass_mean_tmax": -0.003744,
  "mass_drift": 0.00130849,
  "l2_error_per_t": {
    "t_0.0": 0.16806792,
    "t_5.0": 0.45601752,
    "t_10.0": 0.4685211,
    "t_15.0": 0.58546252,
    "t_20.0": 0.69667363
  },
  "l2_error_overall": 0.34752487
}