{
  "experiment": "V3_H_combined_warmup2k",
  "optimizer": "SSBroyden2",
  "adam_epochs": 2000,
  "bfgs_iters": 49000,
  "adam_time_s": 1096.45,
  "bfgs_time_s": 32012.88,
  "total_time_s": 33109.33,
  "final_adam_loss": 0.029913165732189415,
  "final_bfgs_loss": 5.048136041744554e-05,
  "n_params": 1361,
  "l2_rel_error_overall": 0.46450473275591575,
  "l2_rel_error_per_t": [
    0.05409078120973217,
    0.30302642554615966,
    0.41950604363945826,
    0.462392487240676,
    0.4723880040968229,
    0.4714448956075553,
    0.471590789463979,
    0.4785592106170079,
    0.4938048638906756,
    0.5161610520829139,
    0.5433456095330181,
    0.5730281459658346,
    0.6033433044418847,
    0.6330036870273584,
    0.6612218400811098,
    0.6875796622149848,
    0.7119076833052185,
    0.7341925943280948,
    0.7545126868077193,
    0.7729952190788698,
    0.7897893739744485
  ],
  "l2_eval_times": [
    0.0,
    1.0,
    2.0,
    3.0,
    4.0,
    5.0,
    6.0,
    7.0,
    8.0,
    9.0,
    10.0,
    11.0,
    12.0,
    13.0,
    14.0,
    15.0,
    16.0,
    17.0,
    18.0,
    19.0,
    20.0
  ],
  "l2_threshold": 0.5,
  "iters_to_l2_rel_threshold": 24500,
  "threshold_cross_phase": "SSBroyden2",
  "l2_rel_curve": [
    1.4896029053897089,
    1.0068688763214073,
    0.9704958999128389,
    1.1663150471958463,
    0.8863117338835527,
    0.7832800362779816,
    0.7644601627166887,
    0.6951163284541962,
    0.7072881444687242,
    0.626309777460426,
    0.6495993911627498,
    0.61980480049373,
    0.637182321119239,
    0.6400796433871921,
    0.629076420319243,
    0.57767367956964,
    0.6023110215938988,
    0.5998043675859961,
    0.5720476428023566,
    0.5747285429609452,
    0.5896721423411474,
    0.5362319410180998,
    0.5438348779694075,
    0.5846847600634263,
    0.5671674050895967,
    0.5831189582526776,
    0.5636886013135848,
    0.5573953793299309,
    0.5610030388532399,
    0.5792920843892926,
    0.5279254823877597,
    0.5444502285268826,
    0.5388141759187871,
    0.5303530399588626,
    0.5211046530957298,
    0.5254824951475762,
    0.5287681046146036,
    0.5146642678701949,
    0.5366089519182248,
    0.5050625719712265,
    0.5280337010487661,
    0.5035366241924676,
    0.508237433641911,
    0.5140574056437309,
    0.5004107657555821,
    0.5172629678008516,
    0.5027420204392539,
    0.5037123976769788,
    0.4827169938498225,
    0.502993727093907,
    0.4919933076883852,
    0.48951949339146,
    0.4916633034464537,
    0.48856140356956557,
    0.48793066069264657,
    0.48760439214983137,
    0.48656307208271377,
    0.47255875452515717,
    0.48013510181812,
    0.4861035129512977,
    0.4839733007270132,
    0.4829025750988566,
    0.4698415543443086,
    0.47960422830774124,
    0.47577189753658156,
    0.4739522621413004,
    0.4642208290353663,
    0.47402301560307825,
    0.4722083212392549,
    0.48247851255561036,
    0.47662554622265935,
    0.4652361352660986,
    0.4634981297436999,
    0.46630670415550984,
    0.47902388035042626,
    0.488553539516857,
    0.4743319438733126,
    0.4705259386050864,
    0.47902127183724486,
    0.46631806249449725,
    0.46669708378724173,
    0.4748834308250957,
    0.4818607096892468,
    0.4608549149003085,
    0.464767276894685,
    0.46075435423870353,
    0.4763857522329336,
    0.46226468402619264,
    0.4656042564541294,
    0.4618703724929278,
    0.46416474304144023,
    0.45990206187731697,
    0.4572457415968695,
    0.4541795680058495,
    0.4673694073797334,
    0.4545912839047179,
    0.45975547068036454,
    0.46230093529951066,
    0.45960570211336244,
    0.4596926507054855,
    0.4628279507370538,
    0.46450473275591575
  ],
  "l2_error_overall": 0.46450473,
  "l2_error_per_t": {
    "t_0.0": 0.05409078,
    "t_1.0": 0.30302643,
    "t_2.0": 0.41950604,
    "t_3.0": 0.46239249,
    "t_4.0": 0.472388,
    "t_5.0": 0.4714449,
    "t_6.0": 0.47159079,
    "t_7.0": 0.47855921,
    "t_8.0": 0.49380486,
    "t_9.0": 0.51616105,
    "t_10.0": 0.54334561,
    "t_11.0": 0.57302815,
    "t_12.0": 0.6033433,
    "t_13.0": 0.63300369,
    "t_14.0": 0.66122184,
    "t_15.0": 0.68757966,
    "t_16.0": 0.71190768,
    "t_17.0": 0.73419259,
    "t_18.0": 0.75451269,
    "t_19.0": 0.77299522,
    "t_20.0": 0.78978937
  },
  "mass_mean_t0": -0.003821,
  "mass_mean_tmax": 9.7e-05,
  "mass_drift": 0.00391821
}