{
  "experiment": "V3_F_combined_sampling",
  "optimizer": "SSBroyden2",
  "adam_epochs": 1000,
  "bfgs_iters": 50000,
  "adam_time_s": 546.46,
  "bfgs_time_s": 31959.74,
  "total_time_s": 32506.2,
  "final_adam_loss": 0.029221970478987835,
  "final_bfgs_loss": 0.00010590603647836549,
  "n_params": 1361,
  "l2_rel_error_overall": 0.8103286432920136,
  "l2_rel_error_per_t": [
    0.06545976969691511,
    0.4046728915814411,
    0.6526325250637177,
    0.8196170944256748,
    0.9316004329815563,
    1.0040706536600337,
    1.0476683364018717,
    1.070076195990744,
    1.0770220716759238,
    1.0729400152232942,
    1.0614417080836025,
    1.045662915640329,
    1.0285208937718437,
    1.0129003189129815,
    1.0017684303811225,
    0.9982059827858667,
    1.0053366525240268,
    1.0261542951508371,
    1.0632877105769871,
    1.1187858119187377,
    1.194012765352598
  ],
  "l2_eval_times": [
    0.0,
    1.0,
    2.0,
    3.0,
    4.0,
    5.0,
    6.0,
    7.0,
    8.0,
    9.0,
    10.0,
    11.0,
    12.0,
    13.0,
    14.0,
    15.0,
    16.0,
    17.0,
    18.0,
    19.0,
    20.0
  ],
  "l2_threshold": 0.5,
  "iters_to_l2_rel_threshold": null,
  "threshold_cross_phase": null,
  "l2_rel_curve": [
    1.0082036741827978,
    1.50061185317526,
    1.3090192025720562,
    1.5897943147483216,
    1.4692998057182816,
    1.5387104761711445,
    1.526309988714371,
    1.5343678570935082,
    1.5222301813156194,
    1.5189927069574678,
    1.5131886915292003,
    1.4172920436093597,
    1.3965286633860445,
    1.380704750336659,
    1.3396997150088923,
    1.3018788698643582,
    1.2971061497248342,
    1.2500066355164066,
    1.2171773429356003,
    1.2223988675333846,
    1.1654970902645352,
    1.177547882033515,
    1.1369515116844844,
    1.1110214088172405,
    1.1290967747928018,
    1.0951033647512487,
    1.0969664264436896,
    1.0793638682820852,
    1.056693196670247,
    1.060022296390098,
    1.0593001369346782,
    1.0618175790062578,
    1.0490809651346593,
    1.0427804283349085,
    1.0141998221529647,
    1.0337833280159552,
    1.0152052369093176,
    0.9978519076181255,
    1.0122276516192112,
    0.9950805064950801,
    0.9866353473541483,
    0.9989925522374888,
    0.9988026355885757,
    0.9764084703123975,
    0.975908968291839,
    0.967855622704318,
    0.9706859347222705,
    0.9550600164627833,
    0.9703519924729838,
    0.9569210406610336,
    0.9375585211023956,
    0.949791992992954,
    0.9269844798573543,
    0.9439077935167283,
    0.924481153269331,
    0.9120300676319311,
    0.9120934014639331,
    0.9128200177913975,
    0.900344647232703,
    0.8935029229585312,
    0.8948612030562384,
    0.8888020705134566,
    0.8820533990863098,
    0.8739776922190915,
    0.8775850253264221,
    0.882196070931091,
    0.8669222523862576,
    0.8806963960191225,
    0.8608653092218639,
    0.8650978583735716,
    0.855214682078816,
    0.8667060204307281,
    0.8634235450846102,
    0.8409246875792072,
    0.8398474226897622,
    0.8609941720495826,
    0.8464687608899419,
    0.8613048715548173,
    0.854769629553427,
    0.841706909562118,
    0.8389784654885929,
    0.8650610410315007,
    0.8356512643594055,
    0.850399301837491,
    0.8364950196462068,
    0.838917390931079,
    0.8274243967216384,
    0.8400727835506413,
    0.8341588726053834,
    0.8254957339270012,
    0.8351590243501736,
    0.8230267245373947,
    0.8316096675863065,
    0.8166855915765657,
    0.8242199251156209,
    0.8307809903223516,
    0.8244191442918763,
    0.792741974000386,
    0.8362691103989823,
    0.8246066781550345,
    0.821581325518142,
    0.8103286432920136
  ],
  "l2_error_overall": 0.81032864,
  "l2_error_per_t": {
    "t_0.0": 0.06545977,
    "t_1.0": 0.40467289,
    "t_2.0": 0.65263253,
    "t_3.0": 0.81961709,
    "t_4.0": 0.93160043,
    "t_5.0": 1.00407065,
    "t_6.0": 1.04766834,
    "t_7.0": 1.0700762,
    "t_8.0": 1.07702207,
    "t_9.0": 1.07294002,
    "t_10.0": 1.06144171,
    "t_11.0": 1.04566292,
    "t_12.0": 1.02852089,
    "t_13.0": 1.01290032,
    "t_14.0": 1.00176843,
    "t_15.0": 0.99820598,
    "t_16.0": 1.00533665,
    "t_17.0": 1.0261543,
    "t_18.0": 1.06328771,
    "t_19.0": 1.11878581,
    "t_20.0": 1.19401277
  },
  "mass_mean_t0": -0.003788,
  "mass_mean_tmax": -0.001428,
  "mass_drift": 0.0023598
}