{
  "experiment": "H3_rad_k2_0p5",
  "optimizer": "SSBroyden2",
  "adam_epochs": 1000,
  "bfgs_iters": 50000,
  "adam_time_s": 653.7,
  "bfgs_time_s": 36735.23,
  "total_time_s": 37388.93,
  "final_adam_loss": 0.031183788800130834,
  "final_bfgs_loss": 0.00040081266661535966,
  "n_params": 1361,
  "l2_rel_error_overall": 1.2469547284502518,
  "l2_rel_error_per_t": [
    0.5387309566899419,
    0.5896867157701546,
    0.693353006917297,
    0.8067307093343057,
    0.9182383040664335,
    1.024885711184259,
    1.1261596307788153,
    1.2222781114143852,
    1.313654884209148,
    1.4007275936972092,
    1.48390395287062,
    1.5635479544377213,
    1.639979768501942,
    1.7134799804361214,
    1.7842947933827764,
    1.8526410050680473,
    1.9187103886654466,
    1.982673415455364,
    2.0446823676215757,
    2.1048739229406586,
    2.1633712965894234
  ],
  "l2_eval_times": [
    0.0,
    0.5,
    1.0,
    1.5,
    2.0,
    2.5,
    3.0,
    3.5,
    4.0,
    4.5,
    5.0,
    5.5,
    6.0,
    6.5,
    7.0,
    7.5,
    8.0,
    8.5,
    9.0,
    9.5,
    10.0
  ],
  "l2_threshold": 0.5,
  "iters_to_l2_rel_threshold": null,
  "threshold_cross_phase": null,
  "l2_rel_curve": [
    1.0400433615878106,
    1.0228182726464443,
    1.2374410900972734,
    1.283727038587844,
    1.3126944813877666,
    1.2972707276172795,
    1.2349499359657523,
    1.3041764506255002,
    1.331921875898755,
    1.357568573741116,
    1.3110745946131026,
    1.2928214233024433,
    1.3636546781675665,
    1.312882324123011,
    1.424388599828164,
    1.3264385779399939,
    1.321942729531698,
    1.375281179767605,
    1.3094342025955747,
    1.3092607828089329,
    1.3214850524065735,
    1.2473406490964696,
    1.2981920330056549,
    1.2641099118818662,
    1.2585345347727603,
    1.2947836479457533,
    1.289172702299297,
    1.280030836622427,
    1.2939294878903804,
    1.2729105316471896,
    1.323779240298791,
    1.275799503953251,
    1.2818962219840053,
    1.3736738610821075,
    1.3246390442962945,
    1.2908162150822609,
    1.2941216702479403,
    1.3269439194455046,
    1.250924084234432,
    1.2930482109742714,
    1.2431157278316889,
    1.2665242239019585,
    1.26422134138767,
    1.2071275198787619,
    1.2587838085701561,
    1.1777325775125407,
    1.2288269101746736,
    1.2557109194258134,
    1.289199675604454,
    1.2473251315983371,
    1.2489279129153588,
    1.2529159233990714,
    1.2653624623010828,
    1.261046193537603,
    1.1818108469106874,
    1.253542106331624,
    1.2798827911242092,
    1.245438114450868,
    1.2351008124291865,
    1.2638930052287067,
    1.22569557850084,
    1.274254779578722,
    1.2164499369490884,
    1.2170014732574328,
    1.2380525150094177,
    1.2043651297779239,
    1.1879077809902086,
    1.2184802642480328,
    1.3068177516703527,
    1.1960957443211213,
    1.2359011877327417,
    1.2334801862931857,
    1.1839755564654624,
    1.2058545536241105,
    1.2172686758902975,
    1.2406321291626203,
    1.2408605785496298,
    1.23699952145343,
    1.2142135262098883,
    1.230114055038276,
    1.2673646303304622,
    1.2296272376172759,
    1.2394064457337917,
    1.2832779543563106,
    1.201019440061888,
    1.2665444548501137,
    1.2253464867420287,
    1.231349807879622,
    1.2338189176966468,
    1.2152960854768775,
    1.198405823161221,
    1.21886850556536,
    1.249064612712456,
    1.2032008371358969,
    1.2577849330076245,
    1.2535192182618553,
    1.3159646155139033,
    1.243350870227208,
    1.2246887456689943,
    1.2318348938217332,
    1.210747572276982,
    1.2469547284502518
  ],
  "l2_error_overall": 1.24695473,
  "l2_error_per_t": {
    "t_0.0": 0.53873096,
    "t_0.5": 0.58968672,
    "t_1.0": 0.69335301,
    "t_1.5": 0.80673071,
    "t_2.0": 0.9182383,
    "t_2.5": 1.02488571,
    "t_3.0": 1.12615963,
    "t_3.5": 1.22227811,
    "t_4.0": 1.31365488,
    "t_4.5": 1.40072759,
    "t_5.0": 1.48390395,
    "t_5.5": 1.56354795,
    "t_6.0": 1.63997977,
    "t_6.5": 1.71347998,
    "t_7.0": 1.78429479,
    "t_7.5": 1.85264101,
    "t_8.0": 1.91871039,
    "t_8.5": 1.98267342,
    "t_9.0": 2.04468237,
    "t_9.5": 2.10487392,
    "t_10.0": 2.1633713
  },
  "mass_mean_t0": -0.005212,
  "mass_mean_tmax": -0.005435,
  "mass_drift": 0.00022229
}