{
  "experiment": "F6_adam_resample_1000",
  "optimizer": "SSBroyden2",
  "adam_epochs": 1000,
  "bfgs_iters": 50000,
  "adam_time_s": 747.72,
  "bfgs_time_s": 36125.88,
  "total_time_s": 36873.59,
  "final_adam_loss": 0.029545373817089843,
  "final_bfgs_loss": 0.000379951595550643,
  "n_params": 1361,
  "l2_rel_error_overall": 1.1847730987646339,
  "l2_rel_error_per_t": [
    0.4998176161650367,
    0.5340533397257621,
    0.6310448687386391,
    0.7415813459083557,
    0.8516032855529517,
    0.9572723542306051,
    1.0577609905172232,
    1.1531606547726232,
    1.2438322504542747,
    1.330192286830862,
    1.4126417324266753,
    1.4915444969955711,
    1.5672236739903418,
    1.6399639914266848,
    1.7100161321680387,
    1.7776012835792192,
    1.8429153253662776,
    1.90613248059231,
    1.967408419033262,
    2.026882862985306,
    2.0846817636784243
  ],
  "l2_eval_times": [
    0.0,
    0.5,
    1.0,
    1.5,
    2.0,
    2.5,
    3.0,
    3.5,
    4.0,
    4.5,
    5.0,
    5.5,
    6.0,
    6.5,
    7.0,
    7.5,
    8.0,
    8.5,
    9.0,
    9.5,
    10.0
  ],
  "l2_threshold": 0.5,
  "iters_to_l2_rel_threshold": null,
  "threshold_cross_phase": null,
  "l2_rel_curve": [
    1.0400499282078528,
    1.114933491142789,
    1.0167365927564813,
    1.0747306504645797,
    1.1908851880103262,
    1.2417217412002821,
    1.213399359468542,
    1.301600396689743,
    1.3088468184864133,
    1.3837117269006254,
    1.3178603422746926,
    1.2943524821216894,
    1.335249684641529,
    1.312228001041625,
    1.3639323670317394,
    1.3142073182461251,
    1.3280093789500265,
    1.2956544985943537,
    1.321237939125033,
    1.294496538416491,
    1.374173623234315,
    1.2622723602684227,
    1.2874669161113224,
    1.2904292094952872,
    1.2974899244800024,
    1.2499865111292534,
    1.3287704714801771,
    1.2801378199105788,
    1.2590322873028628,
    1.3310515918911712,
    1.262771811716612,
    1.2809256429906766,
    1.2887061939311495,
    1.271729328367429,
    1.2844532054222126,
    1.3058667865085012,
    1.2647099462096214,
    1.2422663064358366,
    1.2912494919764228,
    1.287130199457424,
    1.2493305112102182,
    1.2699960566599375,
    1.255549955840751,
    1.252949570278747,
    1.2337919362901046,
    1.2682549635369718,
    1.1712476287524756,
    1.1952934611999633,
    1.2313918498438363,
    1.2578736451799128,
    1.2452017653186769,
    1.2829750274711973,
    1.2479198828598919,
    1.2518598465823383,
    1.2464338424208714,
    1.2338474732717895,
    1.263567850348292,
    1.274219307660635,
    1.3099372480664795,
    1.2312595031921187,
    1.2562711483163662,
    1.2489006695622653,
    1.2686316407978355,
    1.231258672789502,
    1.236507289060675,
    1.2471724463938343,
    1.2210012590532668,
    1.2358446371603973,
    1.1909599932945834,
    1.2454722921271426,
    1.236122251553442,
    1.252460305083067,
    1.257274044102975,
    1.1815336728934314,
    1.2137050188510232,
    1.2512987438279615,
    1.2395984933771413,
    1.227656451142823,
    1.2372838232897485,
    1.2565637663698388,
    1.224419063797357,
    1.2469182692253697,
    1.2522889888443889,
    1.2270470963341265,
    1.2153089690532455,
    1.2142067079516263,
    1.2280678802489176,
    1.1824741191277786,
    1.199938426440704,
    1.2205102891572994,
    1.2513665390310251,
    1.2400618498358955,
    1.2274840483372382,
    1.2540790823730177,
    1.2334650017172253,
    1.256890071588873,
    1.2399550830796782,
    1.2228345174448005,
    1.2413121505174365,
    1.2282711326056341,
    1.2008945773650217,
    1.1847730987646339
  ],
  "l2_error_overall": 1.1847731,
  "l2_error_per_t": {
    "t_0.0": 0.49981762,
    "t_0.5": 0.53405334,
    "t_1.0": 0.63104487,
    "t_1.5": 0.74158135,
    "t_2.0": 0.85160329,
    "t_2.5": 0.95727235,
    "t_3.0": 1.05776099,
    "t_3.5": 1.15316065,
    "t_4.0": 1.24383225,
    "t_4.5": 1.33019229,
    "t_5.0": 1.41264173,
    "t_5.5": 1.4915445,
    "t_6.0": 1.56722367,
    "t_6.5": 1.63996399,
    "t_7.0": 1.71001613,
    "t_7.5": 1.77760128,
    "t_8.0": 1.84291533,
    "t_8.5": 1.90613248,
    "t_9.0": 1.96740842,
    "t_9.5": 2.02688286,
    "t_10.0": 2.08468176
  },
  "mass_mean_t0": -0.006065,
  "mass_mean_tmax": -0.006349,
  "mass_drift": 0.00028405
}