{
  "experiment": "H1_rad_k1_0p5",
  "optimizer": "SSBroyden2",
  "adam_epochs": 1000,
  "bfgs_iters": 50000,
  "adam_time_s": 537.89,
  "bfgs_time_s": 29173.85,
  "total_time_s": 29711.74,
  "final_adam_loss": 0.02826582372397315,
  "final_bfgs_loss": 0.008959054981168337,
  "n_params": 1361,
  "l2_rel_error_overall": 1.4788115140675198,
  "l2_rel_error_per_t": [
    0.5522177766469134,
    0.6050610336752809,
    0.7737239482447792,
    0.9470022194468155,
    1.1045744375300761,
    1.2479520144152139,
    1.3776401420543563,
    1.494711445776414,
    1.6020510656946816,
    1.7025372229283062,
    1.7978195244002173,
    1.8884416131679558,
    1.974735101548908,
    2.0570278879378603,
    2.1352624311402373,
    2.208885747417977,
    2.2772420738855517,
    2.3405336938260684,
    2.400237864892908,
    2.4584695593763106,
    2.517118735798138
  ],
  "l2_eval_times": [
    0.0,
    0.5,
    1.0,
    1.5,
    2.0,
    2.5,
    3.0,
    3.5,
    4.0,
    4.5,
    5.0,
    5.5,
    6.0,
    6.5,
    7.0,
    7.5,
    8.0,
    8.5,
    9.0,
    9.5,
    10.0
  ],
  "l2_threshold": 0.5,
  "iters_to_l2_rel_threshold": null,
  "threshold_cross_phase": null,
  "l2_rel_curve": [
    1.0243949587405028,
    1.1665405105457907,
    1.0620016618080976,
    1.2811302110446883,
    1.4227206322803427,
    1.4381901250245224,
    1.3298372285184412,
    1.322868824396312,
    1.324631724657569,
    1.2252464363864757,
    1.3137863033179682,
    1.300588324499466,
    1.2725485221277808,
    1.2806826125013013,
    1.2987870427373416,
    1.355404258540229,
    1.3106229688548061,
    1.3451210306390935,
    1.2827774970306287,
    1.285208041158285,
    1.3011757775937403,
    1.2745082955557872,
    1.304240015111756,
    1.2873683474100408,
    1.3050290844210441,
    1.3025200554885459,
    1.2473678632330378,
    1.317594737913341,
    1.3006347828720284,
    1.363212050281298,
    1.2918196927803733,
    1.2999454955404361,
    1.3226196232409833,
    1.4025584506684805,
    1.4913865987890762,
    1.9416870917791227,
    1.7179940376498422,
    1.95675945761013,
    1.9666897819198468,
    1.9496383942470286,
    2.009594634054253,
    2.016108687866007,
    2.042302138981281,
    1.8635546375742806,
    2.0198097921249065,
    1.8234499802289106,
    1.8783101195859682,
    1.8238059941275575,
    2.0809749218986124,
    1.356313492994648,
    1.3207585943608726,
    1.3369674244546217,
    1.389242861030455,
    1.434755326190617,
    1.311505960732897,
    1.296299263864564,
    1.4879843884551507,
    1.428171601175177,
    1.4325203943365599,
    1.4574477023309633,
    1.3906797088209248,
    1.3744971985781604,
    1.2723610519537285,
    1.1650576068671692,
    1.3010775162636954,
    1.3470458185210599,
    1.2903398046880277,
    1.3157747490995624,
    1.2444125802625796,
    1.176611727692737,
    1.3609306193099493,
    1.4402407237741905,
    1.2106948888925446,
    1.3431664220668078,
    1.274150985527012,
    1.306243866300731,
    1.3708218454152674,
    1.2007163892293589,
    1.230525798901019,
    1.3714456506535564,
    1.5047703995602255,
    1.3840910290150297,
    1.2904093446822047,
    1.4466278466632687,
    1.4948600057293908,
    1.3558152976774993,
    1.385824668489192,
    1.4522415900480026,
    1.3682493789138892,
    1.7018156570409702,
    1.3356606540335747,
    1.5371344055590583,
    1.5347183582935355,
    1.4740595715929459,
    1.514526277265236,
    1.4952915401084728,
    1.5708255933326616,
    1.6615772045705761,
    1.4134323795746908,
    1.490983441868019,
    1.4698831831075712,
    1.4788115140675198
  ],
  "l2_error_overall": 1.47881151,
  "l2_error_per_t": {
    "t_0.0": 0.55221778,
    "t_0.5": 0.60506103,
    "t_1.0": 0.77372395,
    "t_1.5": 0.94700222,
    "t_2.0": 1.10457444,
    "t_2.5": 1.24795201,
    "t_3.0": 1.37764014,
    "t_3.5": 1.49471145,
    "t_4.0": 1.60205107,
    "t_4.5": 1.70253722,
    "t_5.0": 1.79781952,
    "t_5.5": 1.88844161,
    "t_6.0": 1.9747351,
    "t_6.5": 2.05702789,
    "t_7.0": 2.13526243,
    "t_7.5": 2.20888575,
    "t_8.0": 2.27724207,
    "t_8.5": 2.34053369,
    "t_9.0": 2.40023786,
    "t_9.5": 2.45846956,
    "t_10.0": 2.51711874
  },
  "mass_mean_t0": -0.003009,
  "mass_mean_tmax": 0.066245,
  "mass_drift": 0.06943302
}